number,stability,foldingPattern
0,-2.0,"['0', '-Y', '-X', '-X', '-X', '-Y', '+X', '+X', '-Y']"
1,-1.0,"['0', '-Y', '+X', '+X', '-Y', '-Y', '+X', '+Y', '+Y']"
2,0.0,"['0', '+Y', '-X', '-X', '+Y', '+X', '+Y', '+X', '+Y']"
3,0.0,"['0', '+Y', '+Y', '+X', '-Y', '+X', '-Y', '-Y', '-Y']"
4,-1.0,"['0', '+X', '-Y', '-X', '-X', '-X', '-X', '-X', '-Y']"
5,-2.0,"['0', '+X', '-Y', '-X', '-Y', '+X', '-Y', '-X', '-Y']"
6,-1.0,"['0', '+Y', '-X', '-X', '-X', '-Y', '+X', '-Y', '+X']"
7,-1.0,"['0', '-Y', '+X', '-Y', '-X', '-Y', '+X', '-Y', '-X']"
8,-1.0,"['0', '+X', '+Y', '+X', '+Y', '+X', '+Y', '-X', '-Y']"
9,-1.0,"['0', '+X', '+Y', '+Y', '+Y', '-X', '-Y', '-X', '-Y']"
10,0.0,"['0', '-Y', '+X', '-Y', '-X', '-X', '-Y', '-X', '+Y']"
11,0.0,"['0', '-X', '+Y', '+Y', '+Y', '+Y', '+X', '+X', '-Y']"
12,-1.0,"['0', '+X', '-Y', '-X', '-Y', '+X', '+X', '-Y', '+X']"
13,-3.0,"['0', '+X', '-Y', '-X', '-X', '-X', '+Y', '+X', '-Y']"
14,0.0,"['0', '-X', '+Y', '+Y', '+Y', '-X', '-X', '-X', '+Y']"
15,0.0,"['0', '-X', '-X', '-Y', '+X', '-Y', '-Y', '-Y', '-Y']"
16,-1.0,"['0', '-Y', '+X', '-Y', '+X', '+X', '-Y', '-X', '-Y']"
17,0.0,"['0', '-X', '-Y', '-X', '-Y', '-X', '-Y', '-Y', '+X']"
18,-2.0,"['0', '+X', '+X', '+X', '+Y', '+Y', '-X', '-Y', '+X']"
19,-1.0,"['0', '+X', '+X', '+Y', '+X', '-Y', '+X', '+Y', '-X']"
20,0.0,"['0', '-Y', '-Y', '-Y', '-Y', '+X', '+X', '-Y', '+X']"
21,0.0,"['0', '-X', '-Y', '-X', '+Y', '-X', '-X', '-X', '-X']"
22,-2.0,"['0', '+Y', '-X', '-Y', '-Y', '+X', '+X', '+Y', '+X']"
23,0.0,"['0', '+X', '-Y', '+X', '+Y', '+Y', '-X', '+Y', '+X']"
24,-1.0,"['0', '-X', '-X', '-X', '+Y', '-X', '+Y', '+X', '+Y']"
25,-1.0,"['0', '-X', '-X', '-X', '-X', '+Y', '+X', '+Y', '-X']"
26,0.0,"['0', '-Y', '+X', '+X', '+X', '+X', '+X', '+Y', '+Y']"
27,-2.0,"['0', '+X', '-Y', '-X', '-X', '+Y', '+Y', '+X', '+Y']"
28,0.0,"['0', '-X', '-X', '-X', '-Y', '-Y', '-X', '-X', '-X']"
29,0.0,"['0', '+Y', '+X', '+Y', '-X', '-X', '+Y', '+Y', '+Y']"
30,-1.0,"['0', '+Y', '+Y', '-X', '-X', '-X', '-Y', '+X', '+Y']"
31,-2.0,"['0', '-Y', '+X', '-Y', '-Y', '+X', '+Y', '+Y', '+X']"
32,0.0,"['0', '-Y', '-X', '-X', '-X', '+Y', '+Y', '-X', '+Y']"
33,-2.0,"['0', '+X', '+X', '-Y', '-Y', '-X', '+Y', '-X', '-X']"
34,-1.0,"['0', '-Y', '-Y', '-X', '+Y', '-X', '-Y', '-Y', '-X']"
35,0.0,"['0', '+X', '-Y', '+X', '+X', '+X', '-Y', '-Y', '-Y']"
36,0.0,"['0', '-X', '-X', '-Y', '-Y', '-Y', '+X', '-Y', '-Y']"
37,0.0,"['0', '+X', '+X', '+Y', '+Y', '+X', '+X', '-Y', '-Y']"
38,0.0,"['0', '-Y', '-X', '-Y', '-X', '-X', '-X', '+Y', '+X']"
39,-1.0,"['0', '+X', '-Y', '+X', '+Y', '+X', '-Y', '-Y', '-X']"
40,0.0,"['0', '+X', '-Y', '-Y', '-X', '-X', '-Y', '-X', '+Y']"
41,0.0,"['0', '+X', '+Y', '+X', '+X', '+Y', '+X', '+X', '+X']"
42,-1.0,"['0', '+X', '-Y', '+X', '-Y', '-X', '-Y', '+X', '-Y']"
43,-1.0,"['0', '-Y', '+X', '+Y', '+X', '-Y', '-Y', '-Y', '-Y']"
44,0.0,"['0', '+X', '+Y', '+Y', '+Y', '-X', '-X', '-X', '+Y']"
45,-1.0,"['0', '+Y', '+X', '+X', '+X', '+Y', '+X', '-Y', '-Y']"
46,-1.0,"['0', '+X', '+X', '-Y', '-X', '-X', '-Y', '+X', '+X']"
47,0.0,"['0', '-Y', '-X', '-X', '-X', '-Y', '-X', '-Y', '+X']"
48,-1.0,"['0', '-X', '-Y', '-X', '-X', '+Y', '-X', '-Y', '-X']"
49,-1.0,"['0', '-X', '-X', '+Y', '-X', '-X', '+Y', '+X', '+X']"
50,0.0,"['0', '+Y', '+Y', '+Y', '-X', '-Y', '-Y', '-X', '-X']"
51,0.0,"['0', '+Y', '+X', '+Y', '+X', '+X', '-Y', '-Y', '-X']"
52,-1.0,"['0', '-X', '+Y', '+X', '+Y', '+Y', '+Y', '+X', '+X']"
53,0.0,"['0', '+Y', '+Y', '+X', '-Y', '-Y', '+X', '+X', '+Y']"
54,-1.0,"['0', '-Y', '+X', '+Y', '+X', '+X', '-Y', '+X', '+X']"
55,0.0,"['0', '+X', '+X', '-Y', '+X', '+X', '-Y', '+X', '-Y']"
56,-2.0,"['0', '+Y', '+X', '+X', '+Y', '+Y', '-X', '-Y', '-Y']"
57,-1.0,"['0', '-Y', '-Y', '-Y', '+X', '-Y', '-X', '-X', '-X']"
58,-1.0,"['0', '+Y', '-X', '-Y', '-X', '-Y', '-Y', '-Y', '+X']"
59,-1.0,"['0', '-X', '+Y', '+X', '+Y', '-X', '-X', '+Y', '+Y']"
60,-1.0,"['0', '-X', '+Y', '+Y', '-X', '-Y', '-X', '+Y', '+Y']"
61,-1.0,"['0', '+Y', '-X', '-X', '-Y', '-Y', '+X', '+X', '+Y']"
62,-1.0,"['0', '-Y', '-Y', '-X', '-Y', '+X', '+X', '+Y', '-X']"
63,0.0,"['0', '-Y', '-X', '-Y', '-Y', '-X', '-X', '+Y', '-X']"
64,-1.0,"['0', '-X', '+Y', '-X', '-X', '+Y', '+X', '+Y', '-X']"
65,0.0,"['0', '-X', '-X', '-X', '-X', '-X', '+Y', '+Y', '+Y']"
66,0.0,"['0', '-Y', '+X', '+X', '-Y', '-X', '-Y', '-Y', '+X']"
67,0.0,"['0', '+Y', '+X', '+X', '+Y', '-X', '-X', '+Y', '-X']"
68,-2.0,"['0', '-X', '-Y', '-X', '-Y', '-Y', '+X', '+Y', '+Y']"
69,-1.0,"['0', '-X', '-Y', '+X', '+X', '+X', '+X', '+X', '+Y']"
70,-3.0,"['0', '-Y', '+X', '+Y', '+Y', '+X', '-Y', '-Y', '-Y']"
71,-3.0,"['0', '-Y', '-X', '+Y', '+Y', '-X', '-Y', '-Y', '-Y']"
72,0.0,"['0', '+Y', '+Y', '-X', '-Y', '-X', '-X', '-X', '+Y']"
73,0.0,"['0', '+X', '+Y', '+Y', '-X', '+Y', '+Y', '+X', '+Y']"
74,0.0,"['0', '+X', '+Y', '+X', '+X', '+Y', '+X', '+X', '+X']"
75,0.0,"['0', '+X', '+X', '-Y', '-Y', '-Y', '+X', '-Y', '-Y']"
76,-1.0,"['0', '+Y', '-X', '-X', '-Y', '-Y', '-X', '+Y', '+Y']"
77,0.0,"['0', '+X', '+X', '+X', '-Y', '+X', '+X', '-Y', '-Y']"
78,-1.0,"['0', '-X', '-Y', '+X', '-Y', '-Y', '-Y', '-Y', '+X']"
79,-1.0,"['0', '-X', '-Y', '-X', '-Y', '-X', '+Y', '+Y', '-X']"
80,-2.0,"['0', '-X', '-X', '-X', '-X', '-Y', '+X', '+X', '-Y']"
81,-1.0,"['0', '+X', '-Y', '-X', '-Y', '-Y', '+X', '+X', '-Y']"
82,-1.0,"['0', '-X', '+Y', '-X', '+Y', '-X', '-Y', '-X', '+Y']"
83,0.0,"['0', '-Y', '-X', '-Y', '+X', '-Y', '-Y', '+X', '+Y']"
84,0.0,"['0', '+Y', '-X', '-X', '+Y', '+Y', '-X', '-X', '+Y']"
85,0.0,"['0', '-Y', '+X', '+X', '+X', '+Y', '+Y', '-X', '-Y']"
86,-2.0,"['0', '+X', '-Y', '+X', '-Y', '-Y', '-X', '+Y', '+X']"
87,0.0,"['0', '+Y', '-X', '-X', '-X', '+Y', '+Y', '+Y', '-X']"
88,0.0,"['0', '+X', '+X', '-Y', '-Y', '-Y', '+X', '-Y', '-X']"
89,0.0,"['0', '-Y', '-X', '-Y', '-X', '-X', '+Y', '+Y', '-X']"
90,0.0,"['0', '-Y', '-X', '-Y', '-Y', '-Y', '+X', '-Y', '-Y']"
91,0.0,"['0', '+Y', '+X', '+X', '-Y', '-Y', '-Y', '-X', '-X']"
92,-2.0,"['0', '+X', '-Y', '-X', '-Y', '-X', '+Y', '-X', '+Y']"
93,0.0,"['0', '+X', '+X', '-Y', '-X', '-X', '-X', '-X', '-Y']"
94,0.0,"['0', '+Y', '+Y', '+Y', '+X', '-Y', '+X', '-Y', '-X']"
95,-1.0,"['0', '-X', '-Y', '-Y', '-X', '-Y', '-X', '+Y', '-X']"
96,-1.0,"['0', '-X', '+Y', '+Y', '+X', '-Y', '+X', '-Y', '-X']"
97,-1.0,"['0', '+X', '+Y', '+Y', '-X', '-Y', '-X', '+Y', '+Y']"
98,0.0,"['0', '+X', '+X', '+Y', '+Y', '+Y', '+Y', '+Y', '-X']"
99,0.0,"['0', '-Y', '+X', '-Y', '-Y', '-Y', '-Y', '+X', '+Y']"
100,0.0,"['0', '-Y', '+X', '-Y', '+X', '+Y', '+X', '+X', '+X']"
101,0.0,"['0', '-Y', '-X', '-Y', '+X', '-Y', '+X', '+X', '+Y']"
102,0.0,"['0', '-Y', '-Y', '-Y', '+X', '-Y', '-Y', '-X', '-Y']"
103,0.0,"['0', '-Y', '+X', '+X', '-Y', '-Y', '-X', '-Y', '+X']"
104,-2.0,"['0', '+Y', '+X', '-Y', '+X', '+X', '-Y', '-X', '-X']"
105,-1.0,"['0', '-X', '-X', '-Y', '-X', '+Y', '-X', '-Y', '-Y']"
106,0.0,"['0', '+Y', '+Y', '+Y', '+Y', '+X', '+Y', '+Y', '+Y']"
107,-1.0,"['0', '+Y', '+X', '-Y', '+X', '-Y', '-Y', '-Y', '+X']"
108,-1.0,"['0', '-Y', '-Y', '-X', '-Y', '+X', '-Y', '-X', '+Y']"
109,-1.0,"['0', '+X', '+Y', '+X', '+Y', '+X', '-Y', '-Y', '-Y']"
110,-1.0,"['0', '-X', '-X', '-X', '-X', '-Y', '+X', '-Y', '-Y']"
111,0.0,"['0', '+X', '-Y', '-Y', '-Y', '-Y', '-X', '-Y', '-X']"
112,0.0,"['0', '-Y', '-Y', '+X', '-Y', '-Y', '-Y', '-X', '+Y']"
113,-2.0,"['0', '+X', '+Y', '-X', '+Y', '-X', '+Y', '+X', '+X']"
114,0.0,"['0', '+Y', '+X', '+Y', '+X', '-Y', '+X', '-Y', '-X']"
115,0.0,"['0', '-X', '-X', '-Y', '+X', '+X', '-Y', '+X', '-Y']"
116,0.0,"['0', '-Y', '-X', '-X', '-X', '-X', '+Y', '-X', '+Y']"
117,0.0,"['0', '+Y', '+Y', '-X', '-Y', '-Y', '-Y', '-X', '-Y']"
118,-1.0,"['0', '-Y', '-X', '+Y', '-X', '+Y', '+Y', '+X', '-Y']"
119,0.0,"['0', '+Y', '+Y', '-X', '-Y', '-X', '-X', '-X', '-X']"
120,-1.0,"['0', '+X', '+Y', '+Y', '+X', '+Y', '-X', '-X', '+Y']"
121,0.0,"['0', '-Y', '-X', '-Y', '+X', '-Y', '+X', '+X', '-Y']"
122,0.0,"['0', '+X', '+X', '+X', '+X', '+X', '+X', '-Y', '-Y']"
123,-1.0,"['0', '-X', '-X', '+Y', '-X', '-Y', '-X', '+Y', '-X']"
124,-1.0,"['0', '-Y', '+X', '+Y', '+Y', '+Y', '+Y', '+Y', '-X']"
125,0.0,"['0', '+Y', '-X', '-X', '-X', '-X', '-X', '-X', '-Y']"
126,0.0,"['0', '+X', '-Y', '-Y', '+X', '+X', '+Y', '+X', '+Y']"
127,-1.0,"['0', '+X', '+Y', '-X', '-X', '-X', '+Y', '-X', '-X']"
128,0.0,"['0', '+Y', '+Y', '+Y', '+Y', '+X', '+X', '-Y', '-X']"
129,0.0,"['0', '-X', '-Y', '-X', '+Y', '+Y', '-X', '-X', '-Y']"
130,0.0,"['0', '-Y', '+X', '-Y', '+X', '+X', '+X', '+Y', '+Y']"
131,-1.0,"['0', '-Y', '-X', '+Y', '+Y', '+Y', '+Y', '+X', '+X']"
132,0.0,"['0', '-X', '+Y', '+Y', '+Y', '+X', '+Y', '+Y', '+X']"
133,-1.0,"['0', '-Y', '-X', '+Y', '-X', '+Y', '-X', '+Y', '+X']"
134,0.0,"['0', '-Y', '-Y', '-X', '-Y', '-Y', '+X', '-Y', '-Y']"
135,-1.0,"['0', '-Y', '-X', '-Y', '+X', '-Y', '+X', '+Y', '+X']"
136,-1.0,"['0', '-X', '-Y', '+X', '-Y', '-Y', '-X', '-X', '-X']"
137,0.0,"['0', '+X', '+X', '+X', '-Y', '-Y', '-Y', '-Y', '-Y']"
138,-1.0,"['0', '-X', '-Y', '-Y', '+X', '-Y', '-X', '-Y', '-Y']"
139,-1.0,"['0', '+X', '+Y', '+X', '+Y', '+X', '-Y', '+X', '+X']"
140,-1.0,"['0', '+Y', '+X', '-Y', '-Y', '-Y', '+X', '-Y', '-Y']"
141,0.0,"['0', '+X', '+X', '-Y', '+X', '-Y', '+X', '+X', '-Y']"
142,-1.0,"['0', '-X', '+Y', '+X', '+Y', '+Y', '-X', '+Y', '+Y']"
143,0.0,"['0', '-X', '-X', '+Y', '-X', '+Y', '-X', '+Y', '-X']"
144,-1.0,"['0', '-X', '-X', '-X', '+Y', '+X', '+X', '+X', '-Y']"
145,0.0,"['0', '-Y', '-Y', '+X', '+X', '-Y', '-Y', '-X', '+Y']"
146,-1.0,"['0', '+X', '-Y', '-Y', '-X', '-Y', '+X', '+X', '-Y']"
147,-1.0,"['0', '-Y', '-Y', '+X', '+X', '-Y', '-X', '-Y', '+X']"
148,-1.0,"['0', '+X', '+Y', '+Y', '-X', '+Y', '-X', '-Y', '+X']"
149,-2.0,"['0', '-X', '+Y', '+X', '+X', '+Y', '-X', '+Y', '+Y']"
150,0.0,"['0', '+Y', '-X', '-X', '+Y', '+Y', '+Y', '+X', '-Y']"
151,-1.0,"['0', '+Y', '+Y', '+X', '+Y', '+X', '-Y', '-Y', '+X']"
152,-1.0,"['0', '+Y', '+Y', '+X', '-Y', '+X', '+Y', '+Y', '+X']"
153,0.0,"['0', '+X', '+Y', '+X', '-Y', '+X', '+X', '+X', '-Y']"
154,-1.0,"['0', '+X', '+X', '+X', '+Y', '-X', '-X', '-X', '-Y']"
155,-1.0,"['0', '+X', '-Y', '-X', '-Y', '-Y', '+X', '-Y', '-X']"
156,-2.0,"['0', '+Y', '-X', '+Y', '-X', '-X', '-Y', '+X', '+Y']"
157,0.0,"['0', '-X', '+Y', '+Y', '+X', '+Y', '+X', '+Y', '+Y']"
158,-1.0,"['0', '-Y', '+X', '+Y', '+Y', '+X', '+X', '-Y', '-X']"
159,-1.0,"['0', '-X', '-Y', '-Y', '-Y', '-Y', '+X', '+Y', '+Y']"
160,0.0,"['0', '+X', '+Y', '+X', '+Y', '-X', '+Y', '-X', '+Y']"
161,0.0,"['0', '+X', '+X', '+X', '+Y', '+X', '+X', '-Y', '+X']"
162,0.0,"['0', '+X', '-Y', '+X', '-Y', '+X', '-Y', '-Y', '-X']"
163,-1.0,"['0', '-Y', '+X', '+Y', '+Y', '+X', '+X', '-Y', '+X']"
164,-2.0,"['0', '+Y', '-X', '-Y', '-Y', '+X', '-Y', '-X', '-X']"
165,-1.0,"['0', '+Y', '+Y', '+X', '+Y', '-X', '-X', '-Y', '-X']"
166,0.0,"['0', '-X', '-X', '+Y', '+Y', '+Y', '+Y', '+X', '-Y']"
167,0.0,"['0', '+Y', '+Y', '+X', '+X', '-Y', '+X', '+X', '-Y']"
168,0.0,"['0', '+X', '+X', '-Y', '-X', '-Y', '-Y', '+X', '-Y']"
169,0.0,"['0', '-Y', '-Y', '-Y', '-X', '+Y', '+Y', '-X', '-Y']"
170,0.0,"['0', '-Y', '+X', '+X', '-Y', '+X', '+X', '+X', '+X']"
171,0.0,"['0', '+Y', '+Y', '+Y', '-X', '-Y', '-Y', '-X', '-X']"
172,0.0,"['0', '-X', '-X', '-Y', '+X', '+X', '-Y', '+X', '-Y']"
173,0.0,"['0', '-X', '+Y', '+Y', '+Y', '+X', '+X', '+X', '-Y']"
174,-1.0,"['0', '-Y', '+X', '+Y', '+X', '+Y', '+Y', '+X', '+Y']"
175,0.0,"['0', '+X', '-Y', '-Y', '-Y', '-X', '-Y', '-X', '-X']"
176,-1.0,"['0', '-Y', '-X', '-X', '+Y', '-X', '+Y', '+X', '+Y']"
177,-1.0,"['0', '-Y', '+X', '+X', '+Y', '-X', '+Y', '-X', '+Y']"
178,0.0,"['0', '-X', '-Y', '-X', '+Y', '-X', '-X', '-X', '+Y']"
179,0.0,"['0', '-X', '-Y', '-X', '+Y', '-X', '+Y', '+Y', '+X']"
180,-1.0,"['0', '-Y', '-X', '-Y', '-Y', '-X', '-Y', '+X', '+X']"
181,0.0,"['0', '-X', '-Y', '-X', '-X', '-X', '-Y', '-X', '-Y']"
182,0.0,"['0', '-Y', '-Y', '+X', '+X', '-Y', '-Y', '-Y', '-X']"
183,0.0,"['0', '-Y', '-Y', '+X', '-Y', '+X', '+X', '-Y', '-X']"
184,-1.0,"['0', '+Y', '-X', '-Y', '-Y', '-X', '-X', '-X', '-Y']"
185,-1.0,"['0', '+X', '+X', '-Y', '-Y', '-X', '-X', '+Y', '+X']"
186,0.0,"['0', '-X', '-X', '-Y', '-Y', '-X', '-X', '-Y', '-Y']"
187,-1.0,"['0', '-X', '+Y', '-X', '-X', '-Y', '-X', '+Y', '+Y']"
188,-1.0,"['0', '-Y', '+X', '+Y', '+Y', '+X', '+Y', '+Y', '-X']"
189,0.0,"['0', '+Y', '+Y', '+Y', '-X', '+Y', '-X', '+Y', '+Y']"
190,0.0,"['0', '-Y', '+X', '-Y', '+X', '+Y', '+X', '+Y', '+X']"
191,0.0,"['0', '-X', '-X', '-X', '+Y', '+Y', '+X', '+Y', '+X']"
192,0.0,"['0', '+Y', '+X', '+X', '+X', '+X', '-Y', '-Y', '+X']"
193,-2.0,"['0', '-Y', '-Y', '-Y', '-Y', '+X', '+Y', '+Y', '+X']"
194,-3.0,"['0', '+Y', '+X', '+X', '-Y', '-Y', '-X', '+Y', '-X']"
195,0.0,"['0', '-Y', '+X', '-Y', '-X', '-Y', '-Y', '+X', '+Y']"
196,0.0,"['0', '+Y', '-X', '+Y', '+Y', '+Y', '+X', '+Y', '-X']"
197,0.0,"['0', '-Y', '-X', '-X', '+Y', '-X', '-X', '-Y', '-Y']"
198,0.0,"['0', '-Y', '-X', '-Y', '+X', '+X', '+X', '-Y', '+X']"
199,-2.0,"['0', '+X', '+Y', '-X', '-X', '+Y', '-X', '-Y', '-Y']"
200,-1.0,"['0', '-X', '-Y', '+X', '+X', '+Y', '+Y', '+Y', '-X']"
201,-1.0,"['0', '+Y', '+X', '+Y', '+Y', '+Y', '+X', '-Y', '+X']"
202,0.0,"['0', '-X', '+Y', '-X', '+Y', '+Y', '+Y', '+X', '+Y']"
203,-1.0,"['0', '+Y', '+X', '+Y', '-X', '-X', '+Y', '+X', '-Y']"
204,0.0,"['0', '-Y', '-Y', '-Y', '-Y', '+X', '-Y', '+X', '-Y']"
205,-2.0,"['0', '-X', '-X', '+Y', '+X', '+Y', '+X', '-Y', '+X']"
206,0.0,"['0', '-X', '-X', '-Y', '-X', '-Y', '-Y', '-X', '-X']"
207,0.0,"['0', '-Y', '-Y', '+X', '-Y', '-Y', '-X', '-X', '-Y']"
208,-1.0,"['0', '+X', '+Y', '+Y', '-X', '+Y', '+X', '+Y', '-X']"
209,-1.0,"['0', '-Y', '-Y', '+X', '+Y', '+Y', '+X', '-Y', '+X']"
210,0.0,"['0', '+Y', '-X', '+Y', '+Y', '+Y', '+Y', '+Y', '-X']"
211,0.0,"['0', '+X', '-Y', '+X', '+Y', '+Y', '+Y', '+Y', '+Y']"
212,0.0,"['0', '-Y', '+X', '+X', '-Y', '+X', '+X', '+X', '+Y']"
213,-1.0,"['0', '-X', '-Y', '+X', '+X', '+X', '+Y', '+Y', '+Y']"
214,-1.0,"['0', '-X', '+Y', '-X', '+Y', '+X', '+Y', '-X', '-X']"
215,-1.0,"['0', '-X', '-X', '+Y', '-X', '-X', '+Y', '+X', '+X']"
216,-1.0,"['0', '+Y', '+X', '+X', '+Y', '+X', '-Y', '-Y', '-Y']"
217,0.0,"['0', '+X', '+Y', '+Y', '-X', '-X', '+Y', '-X', '-Y']"
218,-1.0,"['0', '+X', '+Y', '+X', '+Y', '-X', '+Y', '+X', '+X']"
219,0.0,"['0', '+X', '+Y', '+X', '+X', '+X', '-Y', '+X', '+X']"
220,0.0,"['0', '+Y', '-X', '-X', '-X', '-Y', '-Y', '-Y', '-Y']"
221,-1.0,"['0', '-Y', '+X', '-Y', '-Y', '-X', '-Y', '+X', '+X']"
222,-1.0,"['0', '-X', '-Y', '-X', '-Y', '-X', '-Y', '+X', '+Y']"
223,-1.0,"['0', '+Y', '-X', '-X', '-X', '-X', '-Y', '+X', '+Y']"
224,0.0,"['0', '+Y', '-X', '+Y', '+X', '+Y', '+Y', '+X', '+X']"
225,-1.0,"['0', '-X', '+Y', '+X', '+Y', '+Y', '-X', '-X', '+Y']"
226,-2.0,"['0', '-Y', '-Y', '-X', '-Y', '-Y', '+X', '+Y', '+X']"
227,-1.0,"['0', '-Y', '+X', '-Y', '-X', '-X', '-Y', '+X', '-Y']"
228,0.0,"['0', '-X', '+Y', '-X', '-X', '-X', '-Y', '-X', '+Y']"
229,-1.0,"['0', '+Y', '+X', '-Y', '-Y', '-Y', '-X', '-Y', '-Y']"
230,0.0,"['0', '+X', '+X', '+X', '+Y', '+Y', '+Y', '+Y', '+X']"
231,0.0,"['0', '+X', '+Y', '+Y', '-X', '-X', '+Y', '-X', '-X']"
232,0.0,"['0', '+Y', '+X', '+Y', '+Y', '+X', '+X', '+Y', '+X']"
233,0.0,"['0', '-Y', '+X', '+X', '+X', '+X', '+Y', '+Y', '-X']"
234,0.0,"['0', '+Y', '+Y', '+X', '+X', '-Y', '+X', '+X', '+Y']"
235,-1.0,"['0', '-X', '+Y', '+Y', '+X', '+Y', '-X', '+Y', '+X']"
236,0.0,"['0', '-Y', '-Y', '-Y', '-Y', '-Y', '-X', '-Y', '-X']"
237,0.0,"['0', '-Y', '-X', '-Y', '-X', '-Y', '-Y', '-X', '-Y']"
238,0.0,"['0', '-X', '-Y', '-Y', '-Y', '-Y', '-Y', '-X', '+Y']"
239,-1.0,"['0', '-Y', '+X', '-Y', '-Y', '+X', '+Y', '+X', '-Y']"
240,0.0,"['0', '-Y', '+X', '+X', '-Y', '-X', '-Y', '-X', '-Y']"
241,0.0,"['0', '+Y', '+Y', '+X', '+Y', '+Y', '+X', '+Y', '-X']"
242,0.0,"['0', '-Y', '-Y', '-X', '+Y', '-X', '-X', '+Y', '+Y']"
243,0.0,"['0', '-Y', '-Y', '-X', '-Y', '-Y', '-X', '-X', '-X']"
244,0.0,"['0', '+X', '-Y', '-Y', '-X', '-Y', '-Y', '-X', '-X']"
245,0.0,"['0', '-Y', '-Y', '+X', '+X', '+X', '-Y', '+X', '-Y']"
246,0.0,"['0', '-Y', '-Y', '+X', '+Y', '+X', '+Y', '+Y', '+Y']"
247,-1.0,"['0', '-Y', '+X', '+Y', '+Y', '+Y', '-X', '-X', '+Y']"
248,-1.0,"['0', '-Y', '-X', '-X', '+Y', '+X', '+Y', '+X', '+X']"
249,-2.0,"['0', '-Y', '+X', '+Y', '+X', '+X', '+Y', '-X', '-Y']"
250,0.0,"['0', '+Y', '-X', '-X', '-Y', '-X', '-X', '+Y', '+Y']"
251,-2.0,"['0', '-X', '+Y', '+X', '+X', '-Y', '+X', '+Y', '+Y']"
252,-1.0,"['0', '+Y', '-X', '-Y', '-X', '+Y', '+Y', '+Y', '-X']"
253,-1.0,"['0', '+Y', '+Y', '-X', '+Y', '+Y', '-X', '-Y', '-X']"
254,0.0,"['0', '-X', '-X', '+Y', '+Y', '+Y', '-X', '+Y', '+Y']"
255,-2.0,"['0', '+X', '+X', '+X', '-Y', '-Y', '-X', '+Y', '+Y']"
256,-2.0,"['0', '+X', '-Y', '-Y', '+X', '+X', '+Y', '-X', '-X']"
257,0.0,"['0', '+X', '-Y', '-Y', '+X', '+X', '+Y', '+Y', '+X']"
258,-1.0,"['0', '-Y', '-X', '+Y', '-X', '-Y', '-X', '-X', '-X']"
259,0.0,"['0', '-Y', '-X', '-Y', '-Y', '-Y', '-X', '-X', '-X']"
260,0.0,"['0', '+X', '+X', '+Y', '+X', '+X', '-Y', '+X', '-Y']"
261,0.0,"['0', '-X', '-X', '+Y', '+Y', '+Y', '+Y', '+X', '-Y']"
262,0.0,"['0', '+X', '+Y', '+X', '-Y', '+X', '+X', '+X', '+Y']"
263,0.0,"['0', '+Y', '+Y', '-X', '-Y', '-X', '-Y', '-X', '-Y']"
264,0.0,"['0', '+X', '+X', '+Y', '+X', '-Y', '+X', '+X', '-Y']"
265,-1.0,"['0', '+Y', '+X', '-Y', '-Y', '-Y', '-Y', '-X', '+Y']"
266,0.0,"['0', '+Y', '+X', '+Y', '-X', '+Y', '-X', '+Y', '+X']"
267,0.0,"['0', '-X', '-X', '+Y', '-X', '-X', '-X', '-X', '+Y']"
268,0.0,"['0', '+X', '+X', '-Y', '-Y', '-Y', '-X', '-Y', '-X']"
269,-1.0,"['0', '+Y', '-X', '-Y', '-Y', '+X', '-Y', '-Y', '-Y']"
270,-2.0,"['0', '+Y', '+X', '-Y', '+X', '+Y', '+Y', '-X', '-Y']"
271,-2.0,"['0', '-X', '-Y', '+X', '+X', '-Y', '+X', '+Y', '-X']"
272,0.0,"['0', '-Y', '-Y', '-Y', '-Y', '-Y', '-Y', '-Y', '-Y']"
273,0.0,"['0', '+Y', '+Y', '+Y', '-X', '-X', '-X', '+Y', '-X']"
274,0.0,"['0', '+X', '+Y', '+Y', '+Y', '-X', '-X', '+Y', '+X']"
275,-1.0,"['0', '+Y', '+Y', '-X', '-X', '+Y', '+X', '+Y', '+Y']"
276,-2.0,"['0', '+X', '+Y', '+X', '+Y', '+Y', '-X', '-Y', '-Y']"
277,-1.0,"['0', '+Y', '+X', '-Y', '-Y', '-Y', '-Y', '-X', '-X']"
278,-1.0,"['0', '-X', '+Y', '+X', '+X', '+Y', '+Y', '+X', '+Y']"
279,0.0,"['0', '+X', '+X', '+Y', '+Y', '-X', '-X', '+Y', '+Y']"
280,0.0,"['0', '+Y', '+Y', '+Y', '+X', '+Y', '+Y', '+Y', '+Y']"
281,0.0,"['0', '-Y', '-Y', '+X', '-Y', '-Y', '-Y', '-Y', '-X']"
282,0.0,"['0', '+Y', '+X', '+X', '-Y', '-Y', '-Y', '+X', '+Y']"
283,-1.0,"['0', '+X', '+Y', '-X', '+Y', '-X', '-X', '+Y', '-X']"
284,0.0,"['0', '-Y', '+X', '+X', '-Y', '+X', '+X', '+Y', '-X']"
285,0.0,"['0', '+Y', '+Y', '+Y', '+X', '+Y', '+Y', '+X', '-Y']"
286,-1.0,"['0', '+X', '-Y', '+X', '+X', '-Y', '+X', '+Y', '+Y']"
287,0.0,"['0', '+Y', '+Y', '+Y', '-X', '+Y', '+Y', '+X', '-Y']"
288,-1.0,"['0', '-X', '-Y', '+X', '+X', '+X', '+Y', '+Y', '-X']"
289,0.0,"['0', '+X', '+Y', '+Y', '+X', '+X', '+X', '+Y', '+Y']"
290,0.0,"['0', '-Y', '-Y', '-X', '-Y', '-X', '-X', '-X', '+Y']"
291,-1.0,"['0', '+Y', '-X', '-Y', '-Y', '+X', '-Y', '-Y', '+X']"
292,0.0,"['0', '+X', '-Y', '-Y', '-Y', '-Y', '-X', '-Y', '+X']"
293,0.0,"['0', '+Y', '-X', '+Y', '-X', '+Y', '+Y', '+X', '+Y']"
294,0.0,"['0', '-Y', '+X', '-Y', '-X', '-Y', '-Y', '-X', '-Y']"
295,-2.0,"['0', '-X', '-X', '-Y', '-X', '-X', '+Y', '+X', '+Y']"
296,0.0,"['0', '+Y', '-X', '-X', '-Y', '-X', '-X', '+Y', '+X']"
297,0.0,"['0', '+X', '+Y', '+Y', '+Y', '+Y', '-X', '-X', '-X']"
298,0.0,"['0', '+Y', '+X', '+Y', '+X', '+Y', '+Y', '-X', '-X']"
299,0.0,"['0', '+X', '+Y', '+Y', '+X', '+X', '+Y', '+X', '+Y']"
300,0.0,"['0', '-Y', '-X', '-X', '-Y', '-Y', '-X', '-X', '+Y']"
301,-1.0,"['0', '-Y', '-X', '+Y', '-X', '+Y', '+Y', '+X', '-Y']"
302,0.0,"['0', '-Y', '-Y', '-Y', '-Y', '+X', '-Y', '-Y', '+X']"
303,0.0,"['0', '+Y', '+X', '+X', '+X', '-Y', '-Y', '-X', '-Y']"
304,0.0,"['0', '-X', '-X', '+Y', '+Y', '-X', '-X', '+Y', '+Y']"
305,-1.0,"['0', '+Y', '-X', '-Y', '-X', '-X', '-Y', '-Y', '-X']"
306,0.0,"['0', '-X', '+Y', '-X', '+Y', '-X', '+Y', '-X', '-X']"
307,0.0,"['0', '-Y', '-X', '-Y', '-X', '-X', '+Y', '-X', '-Y']"
308,-1.0,"['0', '+X', '-Y', '-Y', '-X', '-X', '-Y', '+X', '+X']"
309,0.0,"['0', '-X', '-X', '-Y', '+X', '-Y', '+X', '-Y', '+X']"
310,-1.0,"['0', '+Y', '+Y', '+X', '+X', '-Y', '-Y', '-X', '-Y']"
311,0.0,"['0', '-Y', '-X', '-X', '-X', '-X', '+Y', '-X', '-X']"
312,-1.0,"['0', '-Y', '-Y', '+X', '+X', '+X', '-Y', '-X', '+Y']"
313,0.0,"['0', '-Y', '+X', '+X', '+X', '+X', '+X', '+X', '-Y']"
314,-1.0,"['0', '-X', '+Y', '-X', '-Y', '-X', '+Y', '+Y', '+Y']"
315,-1.0,"['0', '-Y', '+X', '-Y', '-X', '-Y', '+X', '+X', '+X']"
316,-3.0,"['0', '-X', '-Y', '-Y', '-Y', '+X', '+Y', '+Y', '+Y']"
317,0.0,"['0', '+Y', '+X', '+X', '+Y', '-X', '-X', '-X', '+Y']"
318,0.0,"['0', '+X', '-Y', '-Y', '+X', '+Y', '+Y', '+X', '-Y']"
319,-1.0,"['0', '+Y', '-X', '-X', '-Y', '+X', '-Y', '+X', '+Y']"
320,0.0,"['0', '-X', '+Y', '+Y', '+Y', '+X', '+X', '-Y', '-Y']"
321,0.0,"['0', '+Y', '-X', '+Y', '+Y', '+Y', '-X', '+Y', '+X']"
322,0.0,"['0', '-X', '+Y', '+Y', '+Y', '-X', '-X', '+Y', '-X']"
323,0.0,"['0', '-X', '-Y', '-Y', '-X', '-X', '+Y', '-X', '-Y']"
324,0.0,"['0', '-Y', '+X', '-Y', '-Y', '+X', '-Y', '+X', '-Y']"
325,-1.0,"['0', '-X', '-Y', '-Y', '-X', '-Y', '-X', '+Y', '+Y']"
326,-2.0,"['0', '+X', '-Y', '-X', '-Y', '-X', '-Y', '+X', '+X']"
327,0.0,"['0', '-Y', '-Y', '-Y', '-Y', '-Y', '+X', '+X', '-Y']"
328,-3.0,"['0', '-Y', '-X', '-X', '-X', '+Y', '+X', '+X', '-Y']"
329,0.0,"['0', '+Y', '-X', '+Y', '+X', '+X', '+X', '+X', '+X']"
330,0.0,"['0', '-Y', '-X', '-X', '-Y', '+X', '+X', '-Y', '-Y']"
331,0.0,"['0', '-Y', '-Y', '-Y', '-Y', '-X', '-Y', '-Y', '-Y']"
332,0.0,"['0', '-X', '-Y', '-Y', '+X', '+Y', '+X', '+X', '+X']"
333,-1.0,"['0', '+X', '+Y', '-X', '+Y', '+X', '+X', '+Y', '+Y']"
334,0.0,"['0', '-Y', '-X', '-X', '-Y', '-Y', '-Y', '-Y', '-Y']"
335,-1.0,"['0', '+Y', '-X', '+Y', '-X', '-X', '+Y', '+X', '+X']"
336,-1.0,"['0', '+X', '+Y', '-X', '-X', '+Y', '-X', '+Y', '+Y']"
337,0.0,"['0', '-Y', '-Y', '-Y', '-Y', '-X', '-Y', '-X', '-X']"
338,-1.0,"['0', '+X', '+Y', '+X', '+X', '+X', '-Y', '-X', '+Y']"
339,-1.0,"['0', '+Y', '-X', '-Y', '-X', '-X', '+Y', '-X', '+Y']"
340,0.0,"['0', '-X', '+Y', '+Y', '+Y', '+Y', '-X', '+Y', '+X']"
341,-1.0,"['0', '+X', '-Y', '+X', '+X', '-Y', '-X', '-Y', '-X']"
342,-1.0,"['0', '-Y', '+X', '-Y', '-X', '-X', '-Y', '+X', '+Y']"
343,0.0,"['0', '+Y', '+Y', '-X', '+Y', '-X', '+Y', '+Y', '+Y']"
344,-1.0,"['0', '+Y', '+X', '+X', '+Y', '+X', '-Y', '-Y', '-Y']"
345,-1.0,"['0', '+X', '+X', '+X', '+Y', '-X', '+Y', '+X', '+X']"
346,-1.0,"['0', '-X', '-X', '-X', '-Y', '-X', '+Y', '+Y', '+Y']"
347,0.0,"['0', '+Y', '+Y', '+Y', '+X', '+Y', '+X', '+Y', '+X']"
348,-1.0,"['0', '-Y', '-X', '-X', '-Y', '+X', '-Y', '-X', '-Y']"
349,0.0,"['0', '-Y', '+X', '+X', '-Y', '-X', '-X', '-X', '-Y']"
350,-3.0,"['0', '+Y', '+X', '+X', '+X', '-Y', '-X', '-X', '-X']"
351,-2.0,"['0', '-X', '-Y', '-Y', '-X', '-X', '+Y', '+X', '-Y']"
352,0.0,"['0', '-Y', '-X', '-Y', '-X', '-Y', '-Y', '-Y', '-Y']"
353,-1.0,"['0', '-Y', '-X', '+Y', '-X', '-Y', '-Y', '-Y', '-Y']"
354,-1.0,"['0', '+Y', '+X', '-Y', '+X', '+X', '-Y', '+X', '-Y']"
355,0.0,"['0', '-Y', '+X', '+X', '-Y', '-Y', '-Y', '-Y', '-X']"
356,-1.0,"['0', '+X', '+Y', '+Y', '-X', '-Y', '-X', '-Y', '-Y']"
357,0.0,"['0', '+X', '+X', '+X', '+X', '+X', '+Y', '+Y', '+Y']"
358,-1.0,"['0', '+Y', '-X', '+Y', '-X', '-X', '+Y', '+X', '+Y']"
359,-2.0,"['0', '+Y', '-X', '-Y', '-X', '+Y', '-X', '-Y', '-Y']"
360,-1.0,"['0', '-Y', '-X', '+Y', '-X', '-X', '-Y', '-Y', '-X']"
361,-1.0,"['0', '-X', '-X', '-X', '-X', '-Y', '-X', '+Y', '+X']"
362,0.0,"['0', '-X', '-Y', '-Y', '+X', '-Y', '-Y', '+X', '+X']"
363,-2.0,"['0', '-Y', '+X', '+Y', '+X', '+Y', '+X', '-Y', '-Y']"
364,0.0,"['0', '-Y', '-X', '-X', '-X', '-X', '+Y', '+Y', '-X']"
365,-1.0,"['0', '-Y', '+X', '-Y', '-Y', '+X', '+Y', '+X', '+Y']"
366,0.0,"['0', '-Y', '-Y', '-Y', '-X', '+Y', '+Y', '-X', '-X']"
367,0.0,"['0', '+X', '+Y', '+Y', '+X', '+X', '-Y', '-Y', '-X']"
368,0.0,"['0', '+Y', '+X', '+Y', '+X', '-Y', '-Y', '+X', '-Y']"
369,-1.0,"['0', '-Y', '+X', '+Y', '+Y', '-X', '-X', '-X', '-Y']"
370,0.0,"['0', '+X', '+X', '+X', '-Y', '+X', '+X', '+Y', '+Y']"
371,0.0,"['0', '+Y', '+X', '+Y', '+X', '-Y', '+X', '+X', '+X']"
372,-1.0,"['0', '+Y', '+X', '-Y', '+X', '-Y', '-Y', '-X', '-X']"
373,0.0,"['0', '+Y', '+Y', '+X', '+X', '+X', '+X', '-Y', '-X']"
374,0.0,"['0', '-Y', '-Y', '-X', '-X', '-X', '+Y', '+Y', '+X']"
375,-3.0,"['0', '+X', '+Y', '-X', '+Y', '+Y', '+X', '-Y', '-X']"
376,-2.0,"['0', '+Y', '-X', '-Y', '-X', '+Y', '+Y', '+X', '+Y']"
377,0.0,"['0', '-Y', '-X', '-Y', '-Y', '+X', '-Y', '+X', '+X']"
378,0.0,"['0', '-Y', '-X', '-X', '-X', '-X', '-X', '-X', '+Y']"
379,0.0,"['0', '-Y', '-Y', '+X', '-Y', '-Y', '-X', '-Y', '+X']"
380,0.0,"['0', '+X', '+Y', '+X', '+Y', '+Y', '+Y', '+X', '-Y']"
381,-2.0,"['0', '-Y', '-Y', '-Y', '-Y', '-X', '+Y', '+Y', '+X']"
382,0.0,"['0', '-X', '-Y', '-Y', '-X', '-X', '-X', '+Y', '+Y']"
383,0.0,"['0', '+Y', '+X', '+X', '+Y', '+X', '+X', '+Y', '+X']"
384,0.0,"['0', '-Y', '+X', '-Y', '-Y', '-Y', '-X', '-X', '-Y']"
385,-1.0,"['0', '+Y', '+X', '+Y', '-X', '-X', '-Y', '-Y', '-Y']"
386,0.0,"['0', '-X', '-Y', '-X', '-Y', '-Y', '+X', '-Y', '-Y']"
387,-1.0,"['0', '-X', '-Y', '-Y', '-X', '-Y', '+X', '+X', '+X']"
388,-1.0,"['0', '-Y', '-X', '-Y', '-Y', '-X', '+Y', '-X', '-Y']"
389,0.0,"['0', '-Y', '+X', '+X', '+X', '+X', '+X', '+X', '+X']"
390,0.0,"['0', '+Y', '+Y', '+Y', '-X', '-X', '-Y', '-Y', '-Y']"
391,-1.0,"['0', '-X', '+Y', '-X', '+Y', '-X', '+Y', '+X', '+X']"
392,0.0,"['0', '+X', '-Y', '+X', '+Y', '+Y', '+Y', '+Y', '+X']"
393,0.0,"['0', '-Y', '-X', '-Y', '-X', '-Y', '-Y', '-X', '+Y']"
394,0.0,"['0', '+X', '+X', '+Y', '-X', '-X', '+Y', '-X', '-Y']"
395,0.0,"['0', '+Y', '-X', '+Y', '-X', '-Y', '-X', '-Y', '-Y']"
396,-1.0,"['0', '+X', '+X', '+X', '-Y', '+X', '+Y', '+X', '-Y']"
397,0.0,"['0', '-Y', '-Y', '+X', '-Y', '-Y', '-X', '-Y', '-Y']"
398,0.0,"['0', '+X', '+Y', '+Y', '+Y', '-X', '-X', '+Y', '+Y']"
399,0.0,"['0', '-X', '+Y', '-X', '-X', '-Y', '-Y', '-Y', '-Y']"
400,0.0,"['0', '-Y', '+X', '+X', '-Y', '-Y', '+X', '+X', '+Y']"
401,0.0,"['0', '-X', '-Y', '-X', '-X', '-X', '-X', '-X', '-X']"
402,0.0,"['0', '-Y', '-Y', '-X', '-Y', '+X', '+X', '-Y', '+X']"
403,0.0,"['0', '-Y', '-X', '-X', '-Y', '-Y', '-X', '-X', '+Y']"
404,-1.0,"['0', '-X', '-Y', '+X', '+X', '+X', '+Y', '+Y', '+Y']"
405,-1.0,"['0', '-Y', '-Y', '-Y', '+X', '-Y', '-X', '-X', '-X']"
406,0.0,"['0', '-Y', '-Y', '+X', '+Y', '+X', '+X', '+X', '+Y']"
407,-1.0,"['0', '-X', '+Y', '-X', '-X', '+Y', '+X', '+Y', '-X']"
408,0.0,"['0', '-Y', '+X', '+X', '-Y', '-Y', '-Y', '+X', '+X']"
409,-1.0,"['0', '+Y', '+X', '-Y', '-Y', '+X', '-Y', '+X', '+X']"
410,-2.0,"['0', '-X', '-Y', '+X', '+X', '-Y', '-X', '-Y', '-X']"
411,0.0,"['0', '-X', '+Y', '+Y', '-X', '+Y', '+Y', '+Y', '+Y']"
412,0.0,"['0', '+X', '+Y', '+Y', '-X', '+Y', '+Y', '+X', '+X']"
413,0.0,"['0', '+X', '+X', '+Y', '+X', '+Y', '+Y', '+X', '+Y']"
414,-2.0,"['0', '+X', '-Y', '-X', '-Y', '+X', '+X', '+Y', '-X']"
415,-1.0,"['0', '-X', '+Y', '-X', '+Y', '+Y', '-X', '-Y', '-X']"
416,-1.0,"['0', '-Y', '-X', '+Y', '-X', '+Y', '-X', '+Y', '-X']"
417,-1.0,"['0', '-X', '+Y', '+X', '+X', '+X', '+Y', '+Y', '+X']"
418,0.0,"['0', '-X', '-X', '+Y', '+X', '+X', '+X', '+Y', '+X']"
419,0.0,"['0', '-Y', '-X', '-X', '+Y', '-X', '+Y', '-X', '-X']"
420,0.0,"['0', '+X', '-Y', '+X', '+X', '-Y', '-Y', '-Y', '+X']"
421,-1.0,"['0', '+X', '+X', '+Y', '+Y', '+X', '-Y', '+X', '+Y']"
422,-1.0,"['0', '+Y', '+Y', '-X', '+Y', '-X', '-Y', '-Y', '-Y']"
423,-1.0,"['0', '-Y', '-Y', '+X', '+Y', '+X', '-Y', '-Y', '-Y']"
424,0.0,"['0', '+Y', '+X', '+Y', '+Y', '-X', '+Y', '-X', '-Y']"
425,-1.0,"['0', '-Y', '-X', '+Y', '+Y', '+X', '+Y', '+X', '-Y']"
426,0.0,"['0', '+X', '-Y', '+X', '+Y', '+Y', '+Y', '-X', '-X']"
427,-1.0,"['0', '+Y', '+Y', '+X', '-Y', '-Y', '+X', '+Y', '-X']"
428,0.0,"['0', '-X', '+Y', '-X', '+Y', '+Y', '+X', '+Y', '+X']"
429,-1.0,"['0', '-X', '-Y', '+X', '-Y', '-Y', '+X', '+X', '+X']"
430,-1.0,"['0', '+Y', '+X', '+Y', '+Y', '+X', '-Y', '+X', '+X']"
431,0.0,"['0', '+Y', '+X', '+X', '+Y', '-X', '-X', '-X', '+Y']"
432,0.0,"['0', '+X', '-Y', '+X', '-Y', '-Y', '-Y', '-Y', '-Y']"
433,0.0,"['0', '-X', '+Y', '-X', '-X', '-Y', '-Y', '-Y', '-Y']"
434,-1.0,"['0', '-Y', '-X', '+Y', '-X', '-X', '-X', '-Y', '-Y']"
435,0.0,"['0', '+Y', '+Y', '-X', '-X', '-Y', '-X', '-Y', '-Y']"
436,0.0,"['0', '+X', '+X', '+X', '+X', '+Y', '+X', '+Y', '+Y']"
437,0.0,"['0', '+Y', '+Y', '+X', '+Y', '+X', '+X', '-Y', '+X']"
438,0.0,"['0', '+Y', '-X', '-X', '-X', '+Y', '+Y', '-X', '+Y']"
439,0.0,"['0', '-Y', '+X', '+X', '+Y', '+Y', '-X', '+Y', '-X']"
440,0.0,"['0', '-Y', '+X', '-Y', '-Y', '-Y', '-X', '-X', '-X']"
441,0.0,"['0', '+Y', '+X', '+X', '+Y', '+Y', '+X', '+Y', '-X']"
442,-1.0,"['0', '-X', '-Y', '+X', '-Y', '-Y', '-X', '-Y', '-Y']"
443,0.0,"['0', '-X', '+Y', '-X', '-X', '-Y', '-X', '-Y', '-Y']"
444,-1.0,"['0', '+X', '+X', '-Y', '+X', '-Y', '-X', '-Y', '-Y']"
445,-1.0,"['0', '-X', '-Y', '-X', '-Y', '-X', '-Y', '+X', '+X']"
446,-1.0,"['0', '-X', '-X', '-X', '-Y', '-Y', '-X', '+Y', '+X']"
447,-3.0,"['0', '+Y', '-X', '-Y', '-Y', '-X', '+Y', '+Y', '+X']"
448,-1.0,"['0', '+Y', '+X', '+X', '-Y', '-Y', '+X', '+Y', '+X']"
449,-1.0,"['0', '+X', '+X', '-Y', '-X', '-Y', '+X', '-Y', '+X']"
450,-1.0,"['0', '-Y', '-X', '-X', '-Y', '+X', '-Y', '-X', '-X']"
451,0.0,"['0', '-Y', '-Y', '-Y', '-X', '-X', '-X', '-Y', '-X']"
452,0.0,"['0', '+Y', '+X', '+X', '+Y', '+Y', '+Y', '+X', '+X']"
453,0.0,"['0', '+X', '+Y', '+Y', '-X', '+Y', '-X', '-X', '-X']"
454,-1.0,"['0', '+X', '+Y', '-X', '+Y', '+Y', '+Y', '+X', '-Y']"
455,-1.0,"['0', '-Y', '-X', '+Y', '-X', '+Y', '+Y', '+X', '+X']"
456,-1.0,"['0', '+X', '+Y', '+Y', '-X', '+Y', '+X', '+X', '+Y']"
457,0.0,"['0', '+Y', '+X', '+X', '+X', '+Y', '+Y', '-X', '-X']"
458,0.0,"['0', '+X', '+Y', '+X', '+X', '+Y', '+Y', '-X', '-Y']"
459,0.0,"['0', '-X', '-Y', '-X', '-X', '-X', '-X', '-Y', '+X']"
460,-1.0,"['0', '+Y', '+X', '+Y', '+X', '+X', '+Y', '-X', '-X']"
461,-2.0,"['0', '-X', '-X', '-Y', '-X', '-X', '+Y', '+X', '+Y']"
462,0.0,"['0', '+Y', '+Y', '+X', '+Y', '+Y', '-X', '+Y', '-X']"
463,-2.0,"['0', '-Y', '+X', '+Y', '+Y', '+Y', '+X', '-Y', '-X']"
464,0.0,"['0', '+Y', '-X', '+Y', '+Y', '+X', '+Y', '+X', '+X']"
465,0.0,"['0', '+Y', '-X', '+Y', '+X', '+Y', '+Y', '+X', '-Y']"
466,-3.0,"['0', '-Y', '+X', '+Y', '+Y', '+X', '-Y', '-Y', '-X']"
467,-1.0,"['0', '+X', '-Y', '-Y', '-Y', '+X', '-Y', '-X', '+Y']"
468,-1.0,"['0', '-X', '-Y', '+X', '+X', '+X', '+Y', '+Y', '-X']"
469,0.0,"['0', '+Y', '-X', '+Y', '+Y', '+X', '+X', '+X', '+X']"
470,-2.0,"['0', '-X', '-X', '-Y', '-X', '-X', '+Y', '+X', '+Y']"
471,-1.0,"['0', '-Y', '+X', '-Y', '+X', '+Y', '+X', '-Y', '-Y']"
472,0.0,"['0', '+Y', '-X', '-X', '+Y', '-X', '+Y', '+Y', '-X']"
473,-3.0,"['0', '+X', '-Y', '-X', '-Y', '-Y', '+X', '+Y', '+Y']"
474,-1.0,"['0', '+X', '+Y', '-X', '-X', '+Y', '+Y', '+X', '+X']"
475,0.0,"['0', '-Y', '-X', '-X', '-X', '-X', '-X', '-X', '-Y']"
476,-2.0,"['0', '-Y', '+X', '-Y', '-Y', '+X', '+Y', '+Y', '+X']"
477,-1.0,"['0', '+Y', '+X', '-Y', '+X', '-Y', '-Y', '-Y', '+X']"
478,0.0,"['0', '-Y', '-X', '-X', '-Y', '+X', '+X', '-Y', '-X']"
479,-1.0,"['0', '-Y', '+X', '-Y', '-Y', '+X', '+Y', '+X', '+X']"
480,0.0,"['0', '-Y', '-Y', '-X', '-X', '-Y', '-Y', '-X', '-Y']"
481,0.0,"['0', '+Y', '+Y', '+X', '+X', '+Y', '+Y', '-X', '-X']"
482,-1.0,"['0', '+Y', '+Y', '+X', '+X', '-Y', '-Y', '-X', '-X']"
483,0.0,"['0', '-Y', '+X', '-Y', '-X', '-X', '-X', '+Y', '-X']"
484,-2.0,"['0', '-Y', '+X', '+Y', '+X', '-Y', '-Y', '-X', '+Y']"
485,0.0,"['0', '-Y', '+X', '-Y', '+X', '+Y', '+Y', '+Y', '-X']"
486,-1.0,"['0', '-Y', '-Y', '+X', '-Y', '+X', '-Y', '-X', '+Y']"
487,0.0,"['0', '+X', '+Y', '+Y', '+X', '-Y', '-Y', '-Y', '-X']"
488,-1.0,"['0', '-Y', '-Y', '-Y', '-Y', '+X', '-Y', '-X', '+Y']"
489,0.0,"['0', '+X', '-Y', '-Y', '-X', '-Y', '-X', '-X', '+Y']"
490,-1.0,"['0', '-X', '+Y', '+Y', '+Y', '+Y', '-X', '-Y', '+X']"
491,0.0,"['0', '-X', '+Y', '+Y', '-X', '-Y', '-X', '-X', '+Y']"
492,0.0,"['0', '+X', '+X', '+X', '+Y', '+Y', '+Y', '-X', '-X']"
493,0.0,"['0', '+X', '-Y', '-Y', '+X', '-Y', '-Y', '+X', '+Y']"
494,0.0,"['0', '+Y', '+X', '+Y', '-X', '-X', '-X', '-Y', '-X']"
495,-1.0,"['0', '+Y', '-X', '+Y', '-X', '-X', '+Y', '+X', '-Y']"
496,-1.0,"['0', '+Y', '-X', '-Y', '-X', '-X', '-X', '-X', '-Y']"
497,-1.0,"['0', '+X', '+X', '+X', '-Y', '+X', '+Y', '+Y', '+X']"
498,-1.0,"['0', '+Y', '+X', '-Y', '-Y', '-X', '-X', '-Y', '+X']"
499,0.0,"['0', '-X', '+Y', '+Y', '+Y', '+X', '+X', '-Y', '-Y']"
500,0.0,"['0', '+X', '+X', '+Y', '+X', '+X', '+X', '-Y', '+X']"
501,-1.0,"['0', '+X', '+X', '-Y', '+X', '+Y', '+X', '-Y', '-Y']"
502,-1.0,"['0', '+X', '+Y', '-X', '-X', '-X', '-X', '+Y', '+X']"
503,0.0,"['0', '-X', '-Y', '-X', '-X', '-X', '-Y', '-X', '-Y']"
504,0.0,"['0', '-X', '-Y', '-X', '-Y', '+X', '+X', '-Y', '-Y']"
505,0.0,"['0', '-X', '+Y', '-X', '+Y', '+Y', '+X', '+Y', '-X']"
506,-1.0,"['0', '+Y', '+Y', '-X', '-Y', '-Y', '-X', '+Y', '+X']"
507,0.0,"['0', '-Y', '+X', '+X', '+Y', '+Y', '+X', '+X', '+Y']"
508,-1.0,"['0', '-X', '-X', '-Y', '+X', '-Y', '-X', '-X', '-X']"
509,-1.0,"['0', '-X', '-Y', '+X', '+X', '+Y', '+Y', '+X', '+X']"
510,0.0,"['0', '-X', '-Y', '-Y', '-X', '+Y', '-X', '+Y', '-X']"
511,0.0,"['0', '-Y', '-X', '-Y', '-Y', '+X', '+X', '+X', '+X']"
512,0.0,"['0', '+X', '+Y', '+X', '+X', '-Y', '-Y', '+X', '-Y']"
513,0.0,"['0', '+Y', '+X', '+X', '+X', '+Y', '+X', '+Y', '+X']"
514,-2.0,"['0', '-Y', '-Y', '-X', '+Y', '-X', '+Y', '+X', '-Y']"
515,0.0,"['0', '+Y', '+Y', '+X', '-Y', '-Y', '-Y', '+X', '+X']"
516,0.0,"['0', '-Y', '-Y', '-X', '-X', '-Y', '-X', '-X', '-Y']"
517,0.0,"['0', '-Y', '-X', '-Y', '-X', '+Y', '-X', '+Y', '-X']"
518,0.0,"['0', '-Y', '+X', '-Y', '+X', '+Y', '+X', '+X', '+Y']"
519,-1.0,"['0', '+X', '+Y', '+X', '-Y', '-Y', '+X', '+Y', '+X']"
520,0.0,"['0', '-X', '-X', '+Y', '+Y', '-X', '-X', '-Y', '-Y']"
521,0.0,"['0', '-X', '-X', '-Y', '-Y', '-Y', '-Y', '-X', '+Y']"
522,0.0,"['0', '+Y', '+X', '+X', '+X', '+X', '-Y', '+X', '+X']"
523,-1.0,"['0', '+X', '-Y', '-X', '-Y', '+X', '-Y', '-Y', '-Y']"
524,-1.0,"['0', '-X', '-X', '+Y', '+X', '+Y', '-X', '+Y', '+X']"
525,0.0,"['0', '+Y', '+X', '+Y', '+X', '-Y', '+X', '+X', '+Y']"
526,-1.0,"['0', '+Y', '+X', '-Y', '+X', '-Y', '+X', '+X', '+X']"
527,0.0,"['0', '+Y', '+X', '+Y', '+X', '+Y', '+X', '+Y', '+Y']"
528,0.0,"['0', '-X', '-X', '+Y', '+X', '+Y', '+Y', '+X', '+Y']"
529,-1.0,"['0', '+Y', '+X', '+Y', '+X', '+Y', '-X', '-X', '-X']"
530,-1.0,"['0', '-Y', '-X', '+Y', '+Y', '+Y', '-X', '-X', '-X']"
531,-2.0,"['0', '-X', '+Y', '-X', '+Y', '+Y', '+X', '-Y', '-Y']"
532,-1.0,"['0', '-X', '+Y', '+X', '+X', '+X', '+Y', '+Y', '-X']"
533,-1.0,"['0', '+Y', '+X', '-Y', '-Y', '-Y', '-X', '-X', '-X']"
534,0.0,"['0', '-X', '-Y', '-X', '-Y', '-X', '-X', '-X', '-Y']"
535,0.0,"['0', '-Y', '+X', '+X', '+Y', '+X', '+Y', '+Y', '-X']"
536,-1.0,"['0', '-X', '-X', '-Y', '-Y', '-X', '-Y', '+X', '+X']"
537,0.0,"['0', '+Y', '-X', '+Y', '-X', '+Y', '-X', '+Y', '+X']"
538,0.0,"['0', '+Y', '+Y', '+Y', '+Y', '-X', '-X', '-X', '-X']"
539,0.0,"['0', '+Y', '+Y', '+X', '+Y', '+Y', '+Y', '+X', '-Y']"
540,0.0,"['0', '-X', '-X', '-X', '-Y', '-Y', '+X', '+X', '+Y']"
541,-1.0,"['0', '+X', '+X', '-Y', '-X', '-X', '-X', '+Y', '+X']"
542,-1.0,"['0', '+Y', '-X', '+Y', '+X', '+X', '-Y', '-Y', '+X']"
543,-1.0,"['0', '-Y', '+X', '+Y', '+Y', '+X', '+Y', '+X', '+X']"
544,0.0,"['0', '+Y', '+Y', '-X', '-Y', '-X', '-Y', '-X', '-Y']"
545,-1.0,"['0', '+Y', '-X', '+Y', '+Y', '+Y', '-X', '-Y', '-Y']"
546,-1.0,"['0', '+Y', '-X', '-Y', '-Y', '-X', '-Y', '-X', '+Y']"
547,0.0,"['0', '-X', '-X', '-X', '-X', '-X', '-X', '-X', '-Y']"
548,-1.0,"['0', '-X', '-Y', '-X', '-X', '-X', '-Y', '+X', '-Y']"
549,0.0,"['0', '+Y', '+Y', '+X', '+Y', '+X', '+Y', '+X', '+Y']"
550,0.0,"['0', '+X', '+Y', '+X', '+Y', '+X', '+Y', '+Y', '-X']"
551,0.0,"['0', '+X', '+Y', '+Y', '+Y', '+Y', '+Y', '+Y', '-X']"
552,0.0,"['0', '-Y', '-X', '-X', '-Y', '-X', '-Y', '-Y', '+X']"
553,0.0,"['0', '-X', '-X', '+Y', '+Y', '+Y', '-X', '-X', '-X']"
554,0.0,"['0', '-Y', '+X', '+X', '+X', '+X', '+Y', '+X', '+X']"
555,-1.0,"['0', '+X', '+X', '+Y', '+X', '+Y', '+X', '-Y', '-X']"
556,0.0,"['0', '-X', '-X', '-X', '-Y', '+X', '-Y', '-Y', '-Y']"
557,0.0,"['0', '-X', '-Y', '-X', '-Y', '-X', '-X', '-Y', '+X']"
558,-1.0,"['0', '+X', '+X', '+X', '+X', '+X', '+Y', '-X', '-X']"
559,0.0,"['0', '-Y', '+X', '+X', '+X', '+Y', '+X', '+X', '+X']"
560,-1.0,"['0', '+X', '-Y', '-Y', '-Y', '-X', '-Y', '+X', '+Y']"
561,0.0,"['0', '-Y', '-X', '-X', '-X', '+Y', '-X', '+Y', '-X']"
562,0.0,"['0', '-Y', '+X', '+X', '-Y', '+X', '+X', '+X', '+Y']"
563,-1.0,"['0', '+Y', '-X', '-Y', '-X', '-X', '+Y', '-X', '-Y']"
564,-2.0,"['0', '+X', '-Y', '-X', '-X', '+Y', '-X', '-Y', '-Y']"
565,0.0,"['0', '+Y', '-X', '-X', '+Y', '+X', '+Y', '+Y', '+X']"
566,0.0,"['0', '-Y', '+X', '+X', '+X', '+Y', '+Y', '-X', '-Y']"
567,0.0,"['0', '-X', '+Y', '-X', '-X', '-Y', '-X', '-X', '-Y']"
568,0.0,"['0', '+X', '-Y', '+X', '+X', '+Y', '+Y', '-X', '+Y']"
569,-1.0,"['0', '-X', '+Y', '+X', '+Y', '+Y', '+X', '+X', '-Y']"
570,0.0,"['0', '+Y', '-X', '-X', '-X', '-X', '+Y', '-X', '+Y']"
571,0.0,"['0', '+X', '+Y', '+Y', '+Y', '-X', '+Y', '+Y', '+Y']"
572,0.0,"['0', '-Y', '-Y', '-X', '-X', '+Y', '+Y', '+Y', '+Y']"
573,-2.0,"['0', '-X', '-Y', '+X', '-Y', '-X', '-Y', '+X', '+X']"
574,-2.0,"['0', '-Y', '-X', '+Y', '+Y', '-X', '+Y', '+X', '+X']"
575,0.0,"['0', '+Y', '+Y', '+Y', '-X', '+Y', '+Y', '+X', '+Y']"
576,0.0,"['0', '-X', '-Y', '-Y', '+X', '+Y', '+X', '+X', '+X']"
577,0.0,"['0', '-Y', '-X', '-X', '-Y', '-X', '-Y', '-X', '-Y']"
578,0.0,"['0', '-Y', '+X', '+X', '+X', '+X', '+X', '-Y', '+X']"
579,-1.0,"['0', '+Y', '+X', '+Y', '+Y', '-X', '-Y', '-X', '-Y']"
580,-1.0,"['0', '+Y', '-X', '+Y', '-X', '+Y', '+X', '+X', '+Y']"
581,-1.0,"['0', '-X', '-Y', '-X', '-X', '-Y', '+X', '-Y', '-X']"
582,0.0,"['0', '-Y', '-X', '-Y', '-X', '-Y', '-Y', '-Y', '-X']"
583,-2.0,"['0', '-X', '-Y', '+X', '-Y', '+X', '+Y', '+X', '+X']"
584,0.0,"['0', '+Y', '+Y', '+Y', '+X', '+Y', '+X', '+X', '+X']"
585,0.0,"['0', '+Y', '-X', '+Y', '+Y', '+X', '+Y', '+Y', '+X']"
586,0.0,"['0', '+X', '+X', '-Y', '+X', '-Y', '-Y', '-X', '-Y']"
587,0.0,"['0', '-X', '+Y', '-X', '-Y', '-X', '-X', '-X', '+Y']"
588,0.0,"['0', '-X', '-X', '-Y', '-Y', '-X', '-X', '+Y', '+X']"
589,-1.0,"['0', '-X', '+Y', '+X', '+Y', '-X', '-X', '-X', '-Y']"
590,-2.0,"['0', '+Y', '-X', '+Y', '-X', '-Y', '-Y', '+X', '+Y']"
591,0.0,"['0', '-X', '-X', '+Y', '+X', '+Y', '+Y', '+Y', '-X']"
592,0.0,"['0', '-X', '-X', '-X', '+Y', '+X', '+Y', '+X', '+X']"
593,0.0,"['0', '-Y', '+X', '-Y', '-Y', '-X', '-Y', '-X', '-X']"
594,0.0,"['0', '+Y', '-X', '-X', '+Y', '+X', '+X', '+Y', '+X']"
595,-1.0,"['0', '-X', '+Y', '-X', '-Y', '-Y', '+X', '+X', '+X']"
596,-2.0,"['0', '-X', '+Y', '+X', '+Y', '+Y', '+X', '-Y', '-X']"
597,0.0,"['0', '-X', '-Y', '-Y', '-X', '+Y', '-X', '-X', '-Y']"
598,0.0,"['0', '+Y', '+X', '+Y', '+Y', '+X', '+X', '+X', '+Y']"
599,-2.0,"['0', '-Y', '-X', '+Y', '-X', '-Y', '-Y', '+X', '-Y']"
600,0.0,"['0', '-X', '-X', '-X', '-Y', '-Y', '+X', '+X', '+X']"
601,0.0,"['0', '+X', '+Y', '+Y', '+Y', '+X', '+X', '+X', '-Y']"
602,-1.0,"['0', '+X', '+X', '+Y', '+X', '-Y', '+X', '+Y', '+X']"
603,-1.0,"['0', '-Y', '+X', '+X', '+Y', '-X', '+Y', '+X', '-Y']"
604,0.0,"['0', '+X', '-Y', '+X', '+X', '+Y', '+Y', '-X', '-Y']"
605,0.0,"['0', '-Y', '+X', '-Y', '+X', '+X', '-Y', '+X', '+X']"
606,0.0,"['0', '-X', '+Y', '+Y', '+Y', '+Y', '-X', '-X', '-Y']"
607,0.0,"['0', '+X', '-Y', '-Y', '+X', '+X', '+X', '-Y', '+X']"
608,-1.0,"['0', '+X', '+Y', '-X', '+Y', '+X', '+X', '+X', '-Y']"
609,0.0,"['0', '+X', '+X', '+X', '+X', '+X', '-Y', '-Y', '-X']"
610,-1.0,"['0', '+X', '+X', '-Y', '+X', '+Y', '+X', '-Y', '-Y']"
611,0.0,"['0', '-Y', '-X', '-Y', '-X', '-X', '-Y', '-X', '-Y']"
612,-1.0,"['0', '-Y', '-Y', '+X', '-Y', '+X', '-Y', '-X', '-Y']"
613,-1.0,"['0', '-X', '+Y', '+X', '+Y', '+Y', '+Y', '-X', '-Y']"
614,-1.0,"['0', '-X', '-X', '-X', '-Y', '-X', '+Y', '-X', '+Y']"
615,0.0,"['0', '-X', '-X', '-X', '+Y', '-X', '+Y', '+Y', '-X']"
616,-1.0,"['0', '-X', '-Y', '+X', '+X', '+Y', '+X', '+Y', '-X']"
617,0.0,"['0', '+Y', '+Y', '+Y', '+Y', '-X', '-X', '-X', '-Y']"
618,-1.0,"['0', '-Y', '-Y', '-X', '-X', '+Y', '+Y', '+X', '+Y']"
619,0.0,"['0', '-X', '+Y', '-X', '-X', '+Y', '+Y', '+X', '+Y']"
620,-1.0,"['0', '+X', '+Y', '-X', '+Y', '+Y', '+Y', '+Y', '+Y']"
621,0.0,"['0', '-X', '-X', '-Y', '-Y', '-Y', '-Y', '-Y', '-X']"
622,0.0,"['0', '+X', '+X', '+X', '+Y', '+X', '+Y', '+X', '-Y']"
623,0.0,"['0', '+X', '+X', '+X', '-Y', '-Y', '-Y', '-X', '-X']"
624,0.0,"['0', '-Y', '-X', '-X', '-Y', '-X', '-X', '-X', '+Y']"
625,0.0,"['0', '-X', '-Y', '-Y', '-X', '+Y', '+Y', '-X', '+Y']"
626,0.0,"['0', '-Y', '-X', '-Y', '-X', '-X', '+Y', '-X', '-X']"
627,0.0,"['0', '+Y', '-X', '+Y', '+Y', '+X', '+X', '+X', '-Y']"
628,-2.0,"['0', '+X', '+Y', '-X', '+Y', '-X', '+Y', '+X', '+X']"
629,-3.0,"['0', '+X', '+Y', '-X', '+Y', '+Y', '+X', '-Y', '-X']"
630,0.0,"['0', '-X', '-Y', '-X', '-Y', '-Y', '-X', '-Y', '-X']"
631,0.0,"['0', '-Y', '-X', '-Y', '+X', '+X', '-Y', '-Y', '-X']"
632,-1.0,"['0', '-Y', '-X', '+Y', '+Y', '-X', '-X', '-Y', '-Y']"
633,-1.0,"['0', '+X', '+Y', '-X', '+Y', '+X', '+Y', '+Y', '-X']"
634,-2.0,"['0', '-Y', '-X', '+Y', '-X', '+Y', '+X', '+Y', '-X']"
635,0.0,"['0', '-Y', '-X', '-Y', '-X', '-Y', '-X', '-X', '-Y']"
636,-1.0,"['0', '+Y', '-X', '+Y', '+X', '+Y', '-X', '-X', '-X']"
637,0.0,"['0', '+Y', '+Y', '+Y', '+X', '+Y', '+X', '+Y', '-X']"
638,0.0,"['0', '-Y', '-Y', '+X', '+X', '-Y', '+X', '+X', '+X']"
639,0.0,"['0', '-Y', '-X', '-Y', '-Y', '-Y', '-Y', '-X', '-X']"
640,0.0,"['0', '-X', '-Y', '-Y', '-X', '-X', '+Y', '-X', '-X']"
641,-1.0,"['0', '+Y', '+Y', '-X', '-Y', '-Y', '-Y', '+X', '+Y']"
642,0.0,"['0', '-Y', '-Y', '-X', '+Y', '-X', '-X', '-X', '-Y']"
643,-1.0,"['0', '-Y', '-X', '+Y', '+Y', '-X', '-X', '-Y', '+X']"
644,0.0,"['0', '-Y', '-Y', '-X', '-Y', '-X', '-Y', '-Y', '-Y']"
645,0.0,"['0', '-Y', '-Y', '-Y', '-X', '-Y', '-Y', '+X', '+Y']"
646,-1.0,"['0', '+Y', '+X', '+X', '-Y', '-X', '-Y', '+X', '-Y']"
647,0.0,"['0', '-X', '-X', '+Y', '-X', '-Y', '-X', '-X', '-X']"
648,-2.0,"['0', '-X', '+Y', '-X', '-X', '+Y', '+X', '+X', '+Y']"
649,-1.0,"['0', '-X', '-X', '+Y', '+X', '+Y', '-X', '-X', '+Y']"
650,0.0,"['0', '+Y', '-X', '-X', '+Y', '-X', '-X', '+Y', '+X']"
651,0.0,"['0', '-Y', '+X', '-Y', '-Y', '-X', '-X', '-Y', '-Y']"
652,0.0,"['0', '+Y', '+Y', '-X', '-X', '-X', '-Y', '-X', '-Y']"
653,0.0,"['0', '+X', '+X', '+Y', '+Y', '+X', '+X', '-Y', '-Y']"
654,-2.0,"['0', '+Y', '+Y', '+X', '-Y', '+X', '-Y', '-X', '-Y']"
655,-3.0,"['0', '+Y', '+X', '-Y', '-Y', '-Y', '-X', '+Y', '+Y']"
656,0.0,"['0', '-X', '-X', '-Y', '-X', '-Y', '-Y', '+X', '+X']"
657,-1.0,"['0', '-X', '+Y', '+Y', '+X', '+Y', '+X', '-Y', '+X']"
658,-1.0,"['0', '+X', '+Y', '-X', '-X', '-Y', '-Y', '-Y', '-X']"
659,0.0,"['0', '+X', '+X', '-Y', '+X', '+Y', '+Y', '+X', '-Y']"
660,0.0,"['0', '-X', '+Y', '-X', '+Y', '+Y', '+Y', '-X', '-Y']"
661,-1.0,"['0', '-Y', '+X', '+X', '+X', '+Y', '+X', '-Y', '-Y']"
662,-2.0,"['0', '+Y', '+X', '-Y', '+X', '+Y', '+X', '-Y', '+X']"
663,0.0,"['0', '-X', '-X', '-Y', '+X', '-Y', '-Y', '-X', '-X']"
664,-1.0,"['0', '-X', '-X', '-X', '+Y', '-X', '+Y', '+X', '-Y']"
665,-1.0,"['0', '+X', '+Y', '-X', '-X', '-X', '-Y', '-Y', '+X']"
666,0.0,"['0', '+Y', '+X', '+Y', '+Y', '-X', '+Y', '+Y', '-X']"
667,-2.0,"['0', '+X', '+Y', '+X', '+X', '+Y', '-X', '-X', '-Y']"
668,-1.0,"['0', '+Y', '-X', '-X', '-Y', '-Y', '-X', '+Y', '+Y']"
669,0.0,"['0', '-X', '+Y', '-X', '+Y', '+Y', '+X', '+Y', '+X']"
670,-2.0,"['0', '+Y', '-X', '-X', '+Y', '+Y', '+X', '-Y', '-Y']"
671,0.0,"['0', '+Y', '+X', '+Y', '+Y', '+Y', '+X', '+Y', '+X']"
672,0.0,"['0', '-Y', '+X', '+X', '+X', '-Y', '-Y', '+X', '+Y']"
673,0.0,"['0', '-X', '-X', '-X', '+Y', '+X', '+Y', '+X', '-Y']"
674,-1.0,"['0', '-X', '-Y', '+X', '-Y', '-Y', '-Y', '-X', '-X']"
675,0.0,"['0', '+X', '+X', '-Y', '-X', '-X', '-Y', '-Y', '+X']"
676,0.0,"['0', '-Y', '-X', '-X', '+Y', '-X', '-X', '-X', '-X']"
677,-1.0,"['0', '+X', '+Y', '-X', '-X', '-X', '-X', '-X', '-Y']"
678,0.0,"['0', '-Y', '-Y', '-Y', '-Y', '-X', '-X', '+Y', '+X']"
679,0.0,"['0', '-X', '-Y', '-Y', '-X', '-Y', '-X', '-X', '-Y']"
680,-1.0,"['0', '+X', '-Y', '-X', '-X', '+Y', '+Y', '+Y', '+X']"
681,-1.0,"['0', '+Y', '+X', '+X', '-Y', '-Y', '+X', '+Y', '+Y']"
682,-2.0,"['0', '+X', '-Y', '-X', '-Y', '+X', '+X', '+Y', '+Y']"
683,-1.0,"['0', '-Y', '-X', '-X', '-Y', '-X', '+Y', '-X', '+Y']"
684,-1.0,"['0', '-Y', '+X', '+Y', '+X', '+X', '+X', '+Y', '+Y']"
685,-1.0,"['0', '+Y', '+X', '-Y', '-Y', '-X', '-X', '-Y', '-Y']"
686,0.0,"['0', '-Y', '-X', '-Y', '-Y', '-X', '-Y', '-Y', '+X']"
687,-2.0,"['0', '-X', '+Y', '-X', '+Y', '+X', '+X', '-Y', '-X']"
688,-1.0,"['0', '-Y', '+X', '+Y', '+Y', '+Y', '+X', '+Y', '-X']"
689,0.0,"['0', '+X', '-Y', '-Y', '-Y', '+X', '+X', '-Y', '-X']"
690,-1.0,"['0', '+Y', '+X', '-Y', '+X', '+Y', '+Y', '+Y', '+Y']"
691,0.0,"['0', '+Y', '+Y', '+Y', '+Y', '+Y', '+Y', '+X', '-Y']"
692,-1.0,"['0', '+Y', '-X', '-X', '-Y', '-X', '-Y', '+X', '-Y']"
693,0.0,"['0', '+X', '+X', '-Y', '-Y', '+X', '+X', '-Y', '-X']"
694,0.0,"['0', '+X', '+X', '+X', '+X', '-Y', '-Y', '-Y', '-Y']"
695,0.0,"['0', '-Y', '+X', '-Y', '-X', '-X', '-Y', '-Y', '-Y']"
696,0.0,"['0', '+X', '+X', '-Y', '-Y', '+X', '+X', '+Y', '+Y']"
697,-1.0,"['0', '+X', '+Y', '+X', '-Y', '+X', '+Y', '+X', '+Y']"
698,0.0,"['0', '-X', '+Y', '-X', '+Y', '-X', '-X', '-X', '+Y']"
699,0.0,"['0', '-Y', '-X', '-Y', '-Y', '+X', '-Y', '-Y', '-Y']"
700,0.0,"['0', '-Y', '+X', '-Y', '-X', '-X', '+Y', '-X', '-X']"
701,-2.0,"['0', '-Y', '-Y', '-Y', '-Y', '+X', '+Y', '+Y', '+Y']"
702,0.0,"['0', '-X', '-Y', '-Y', '-Y', '-X', '-X', '+Y', '+X']"
703,0.0,"['0', '+Y', '+Y', '+Y', '-X', '-X', '-Y', '-X', '+Y']"
704,-1.0,"['0', '+Y', '-X', '-X', '-Y', '-Y', '-X', '+Y', '-X']"
705,0.0,"['0', '+X', '-Y', '+X', '-Y', '+X', '+X', '-Y', '-X']"
706,-1.0,"['0', '-Y', '-X', '-Y', '-X', '-X', '-Y', '+X', '+Y']"
707,0.0,"['0', '+Y', '-X', '+Y', '+Y', '+X', '+X', '+X', '+Y']"
708,0.0,"['0', '+X', '+X', '-Y', '-X', '-Y', '-X', '-X', '-Y']"
709,0.0,"['0', '+Y', '-X', '-X', '-X', '-X', '-X', '-Y', '-X']"
710,0.0,"['0', '+Y', '+Y', '+Y', '+Y', '+Y', '+Y', '+Y', '-X']"
711,0.0,"['0', '+X', '+Y', '+Y', '+Y', '-X', '+Y', '-X', '+Y']"
712,-1.0,"['0', '+Y', '+Y', '+Y', '+X', '+Y', '-X', '-X', '-X']"
713,-1.0,"['0', '+X', '+Y', '-X', '+Y', '+X', '+Y', '+X', '+Y']"
714,0.0,"['0', '+Y', '+X', '+X', '-Y', '+X', '+X', '+Y', '+Y']"
715,0.0,"['0', '-X', '-Y', '-X', '-Y', '-X', '-X', '-X', '-X']"
716,0.0,"['0', '-Y', '+X', '-Y', '-Y', '+X', '-Y', '-Y', '+X']"
717,-2.0,"['0', '+X', '+Y', '-X', '-X', '-Y', '-Y', '+X', '+Y']"
718,0.0,"['0', '+Y', '+X', '+Y', '+X', '+Y', '+X', '+Y', '+X']"
719,-1.0,"['0', '-Y', '-Y', '-X', '-X', '+Y', '+Y', '+X', '-Y']"
720,0.0,"['0', '-Y', '+X', '-Y', '+X', '+X', '-Y', '+X', '+X']"
721,0.0,"['0', '-X', '-X', '-Y', '-Y', '-Y', '-Y', '-Y', '+X']"
722,-1.0,"['0', '+Y', '+Y', '-X', '+Y', '+X', '+Y', '-X', '-X']"
723,0.0,"['0', '-Y', '+X', '-Y', '-X', '-X', '-X', '-Y', '+X']"
724,0.0,"['0', '-X', '-X', '+Y', '+X', '+X', '+X', '+X', '-Y']"
725,0.0,"['0', '+X', '-Y', '-Y', '-Y', '+X', '-Y', '-Y', '-X']"
726,0.0,"['0', '+Y', '-X', '-X', '-Y', '-X', '-X', '-X', '+Y']"
727,0.0,"['0', '-X', '-Y', '-Y', '-X', '-X', '-Y', '-Y', '-X']"
728,-2.0,"['0', '-Y', '-X', '-Y', '-Y', '-X', '+Y', '+Y', '-X']"
729,-1.0,"['0', '-Y', '+X', '+X', '+Y', '+X', '-Y', '+X', '-Y']"
730,0.0,"['0', '-X', '+Y', '+Y', '+Y', '+Y', '+Y', '+Y', '+X']"
731,0.0,"['0', '+X', '-Y', '+X', '+X', '-Y', '+X', '+X', '+X']"
732,0.0,"['0', '-Y', '-X', '-X', '-Y', '-X', '-X', '-X', '-X']"
733,0.0,"['0', '-Y', '-Y', '-X', '+Y', '-X', '-X', '+Y', '+X']"
734,0.0,"['0', '+X', '+Y', '+Y', '+X', '+Y', '+Y', '+Y', '+Y']"
735,0.0,"['0', '-X', '-X', '+Y', '-X', '-Y', '-Y', '-X', '-X']"
736,0.0,"['0', '+Y', '+Y', '-X', '-X', '-X', '-Y', '-Y', '-X']"
737,0.0,"['0', '-X', '+Y', '+Y', '+Y', '-X', '+Y', '+Y', '-X']"
738,0.0,"['0', '-Y', '+X', '+X', '+X', '+X', '+Y', '+Y', '-X']"
739,-1.0,"['0', '+X', '-Y', '-X', '-X', '-X', '-Y', '-Y', '+X']"
740,0.0,"['0', '+Y', '-X', '+Y', '+Y', '+Y', '+Y', '+Y', '-X']"
741,-2.0,"['0', '+X', '-Y', '-X', '-Y', '+X', '-Y', '-X', '+Y']"
742,0.0,"['0', '+Y', '-X', '+Y', '+Y', '-X', '+Y', '+Y', '-X']"
743,0.0,"['0', '-Y', '+X', '+X', '+X', '+Y', '+Y', '-X', '+Y']"
744,-3.0,"['0', '-X', '-Y', '+X', '+X', '-Y', '-X', '-X', '-X']"
745,0.0,"['0', '-Y', '-X', '-Y', '-Y', '+X', '+X', '-Y', '-Y']"
746,0.0,"['0', '-Y', '+X', '-Y', '-X', '-Y', '-X', '-X', '-Y']"
747,0.0,"['0', '-Y', '-Y', '-Y', '-X', '+Y', '-X', '-X', '-X']"
748,0.0,"['0', '-Y', '-X', '-Y', '-Y', '-Y', '-Y', '-Y', '-Y']"
749,0.0,"['0', '+X', '+Y', '+X', '-Y', '+X', '+X', '-Y', '-Y']"
750,0.0,"['0', '-Y', '-Y', '-Y', '+X', '+X', '+Y', '+X', '-Y']"
751,0.0,"['0', '-X', '+Y', '-X', '+Y', '+Y', '-X', '-X', '+Y']"
752,-1.0,"['0', '-X', '+Y', '-X', '-X', '-X', '+Y', '+X', '+Y']"
753,-1.0,"['0', '-Y', '+X', '+Y', '+X', '+Y', '+Y', '+X', '+Y']"
754,0.0,"['0', '+X', '+X', '+X', '+Y', '+Y', '+X', '+Y', '+X']"
755,-1.0,"['0', '-X', '-X', '-Y', '+X', '-Y', '-X', '-Y', '+X']"
756,0.0,"['0', '-X', '-Y', '-Y', '-X', '-X', '-X', '-Y', '+X']"
757,0.0,"['0', '+X', '+Y', '+X', '-Y', '-Y', '-Y', '+X', '+X']"
758,0.0,"['0', '-Y', '+X', '+X', '-Y', '-X', '-X', '-X', '+Y']"
759,0.0,"['0', '-X', '+Y', '-X', '-Y', '-X', '-Y', '-Y', '-X']"
760,0.0,"['0', '+Y', '+X', '+Y', '-X', '+Y', '-X', '+Y', '-X']"
761,-1.0,"['0', '-Y', '-X', '+Y', '-X', '+Y', '-X', '-X', '-X']"
762,0.0,"['0', '+Y', '+Y', '+Y', '-X', '-X', '+Y', '+Y', '+Y']"
763,-1.0,"['0', '+X', '+X', '-Y', '-X', '-X', '-Y', '+X', '+Y']"
764,0.0,"['0', '-Y', '-Y', '-Y', '+X', '+X', '-Y', '-Y', '+X']"
765,0.0,"['0', '+X', '+X', '-Y', '-X', '-Y', '-Y', '-Y', '+X']"
766,0.0,"['0', '+Y', '-X', '+Y', '+Y', '+Y', '+Y', '+X', '+X']"
767,-3.0,"['0', '-X', '+Y', '+X', '+Y', '+Y', '-X', '-Y', '-Y']"
768,0.0,"['0', '+X', '+X', '-Y', '+X', '+Y', '+Y', '+X', '+Y']"
769,0.0,"['0', '+X', '-Y', '+X', '+Y', '+Y', '+X', '+Y', '-X']"
770,-1.0,"['0', '-Y', '-Y', '-Y', '+X', '+X', '-Y', '-X', '-X']"
771,0.0,"['0', '+X', '+Y', '+X', '+Y', '+Y', '+X', '+X', '+X']"
772,-1.0,"['0', '+X', '-Y', '-X', '-Y', '+X', '-Y', '+X', '+Y']"
773,0.0,"['0', '-X', '-X', '-X', '+Y', '-X', '+Y', '+Y', '+Y']"
774,-1.0,"['0', '+X', '+Y', '-X', '-X', '-Y', '-Y', '-X', '-X']"
775,-2.0,"['0', '+Y', '-X', '-Y', '-X', '-Y', '-X', '+Y', '-X']"
776,0.0,"['0', '-X', '-X', '+Y', '+X', '+X', '+Y', '+X', '+Y']"
777,0.0,"['0', '-X', '+Y', '+Y', '-X', '-Y', '-Y', '-Y', '-Y']"
778,-1.0,"['0', '-X', '-Y', '+X', '-Y', '-X', '-Y', '-Y', '-Y']"
779,-1.0,"['0', '-X', '+Y', '+X', '+X', '+X', '-Y', '-Y', '-Y']"
780,0.0,"['0', '+X', '-Y', '-Y', '-X', '-X', '-X', '-X', '-X']"
781,0.0,"['0', '-Y', '-X', '-Y', '-X', '-X', '+Y', '-X', '-X']"
782,0.0,"['0', '+X', '-Y', '+X', '+X', '+Y', '+Y', '-X', '+Y']"
783,0.0,"['0', '-Y', '-X', '-Y', '-Y', '-X', '-X', '-X', '-X']"
784,0.0,"['0', '+X', '+X', '+X', '+Y', '+Y', '+Y', '+X', '+Y']"
785,0.0,"['0', '+X', '-Y', '-Y', '+X', '+Y', '+X', '+Y', '+Y']"
786,-2.0,"['0', '-Y', '-X', '+Y', '+Y', '+X', '+X', '-Y', '-X']"
787,-1.0,"['0', '+Y', '+Y', '-X', '-Y', '-X', '+Y', '-X', '-X']"
788,0.0,"['0', '+X', '+X', '+Y', '+Y', '+Y', '+Y', '+Y', '-X']"
789,-1.0,"['0', '-X', '-Y', '-X', '-X', '+Y', '+X', '+Y', '+Y']"
790,-1.0,"['0', '-X', '-Y', '+X', '+X', '+X', '+X', '+X', '+Y']"
791,-1.0,"['0', '+X', '+X', '+X', '+Y', '+X', '-Y', '-Y', '-X']"
792,0.0,"['0', '-Y', '+X', '-Y', '-Y', '-X', '-Y', '-X', '-X']"
793,-1.0,"['0', '+Y', '+Y', '+X', '+Y', '+Y', '+X', '-Y', '-Y']"
794,0.0,"['0', '+X', '-Y', '-Y', '-Y', '-X', '-X', '+Y', '+X']"
795,0.0,"['0', '-X', '-Y', '-X', '-Y', '-Y', '-X', '-X', '-X']"
796,0.0,"['0', '-X', '-X', '-Y', '-X', '-Y', '-Y', '-Y', '+X']"
797,-3.0,"['0', '-X', '-Y', '-Y', '+X', '+X', '+Y', '-X', '+Y']"
798,0.0,"['0', '+Y', '-X', '-X', '-X', '-Y', '-X', '-Y', '-Y']"
799,0.0,"['0', '-Y', '+X', '-Y', '-X', '-X', '+Y', '-X', '-X']"
800,0.0,"['0', '+X', '+X', '+Y', '+Y', '+X', '+Y', '+Y', '+Y']"
801,0.0,"['0', '-X', '-Y', '-Y', '+X', '+X', '+X', '+Y', '-X']"
802,-1.0,"['0', '-X', '-Y', '+X', '-Y', '+X', '+X', '-Y', '+X']"
803,0.0,"['0', '-Y', '+X', '+X', '+X', '-Y', '+X', '-Y', '+X']"
804,-2.0,"['0', '+X', '-Y', '-X', '-X', '-X', '-Y', '+X', '+Y']"
805,0.0,"['0', '+Y', '-X', '-X', '-X', '-X', '-Y', '-Y', '-Y']"
806,-1.0,"['0', '-X', '-Y', '-X', '+Y', '+Y', '+X', '+X', '+X']"
807,-2.0,"['0', '+Y', '+X', '-Y', '+X', '-Y', '+X', '+Y', '+X']"
808,0.0,"['0', '-Y', '-X', '-X', '-Y', '+X', '+X', '-Y', '-X']"
809,0.0,"['0', '-X', '-X', '-Y', '+X', '+X', '+X', '+X', '-Y']"
810,-1.0,"['0', '-X', '-Y', '+X', '-Y', '-X', '-X', '-Y', '-Y']"
811,0.0,"['0', '+Y', '-X', '+Y', '-X', '-X', '+Y', '-X', '-Y']"
812,0.0,"['0', '+X', '-Y', '-Y', '-Y', '-X', '-Y', '-Y', '-X']"
813,0.0,"['0', '-Y', '+X', '-Y', '+X', '-Y', '-Y', '-Y', '-Y']"
814,0.0,"['0', '-X', '-X', '-Y', '-X', '+Y', '-X', '-X', '-Y']"
815,0.0,"['0', '-X', '-X', '-Y', '-X', '-Y', '-Y', '-X', '-X']"
816,-1.0,"['0', '+Y', '+Y', '+Y', '+X', '+Y', '+X', '-Y', '+X']"
817,-2.0,"['0', '-Y', '-X', '+Y', '-X', '+Y', '-X', '-Y', '-Y']"
818,0.0,"['0', '+Y', '+Y', '+Y', '+Y', '-X', '-X', '-X', '-Y']"
819,0.0,"['0', '-X', '-Y', '-Y', '-X', '-X', '-Y', '-Y', '+X']"
820,0.0,"['0', '+X', '+X', '+X', '+Y', '+Y', '+Y', '+X', '+X']"
821,0.0,"['0', '-Y', '-Y', '-Y', '-Y', '-X', '-X', '+Y', '+Y']"
822,0.0,"['0', '+Y', '+Y', '-X', '-Y', '-Y', '-Y', '-X', '-Y']"
823,-1.0,"['0', '+Y', '+X', '-Y', '-Y', '-Y', '-Y', '+X', '+Y']"
824,0.0,"['0', '-Y', '-Y', '-X', '-Y', '-Y', '-X', '-X', '+Y']"
825,0.0,"['0', '-Y', '-Y', '-X', '+Y', '+Y', '-X', '-X', '+Y']"
826,0.0,"['0', '-X', '+Y', '+Y', '+Y', '-X', '-X', '+Y', '+X']"
827,-1.0,"['0', '+Y', '+Y', '-X', '+Y', '-X', '-Y', '-X', '-Y']"
828,0.0,"['0', '+X', '+X', '+Y', '-X', '-X', '+Y', '-X', '-X']"
829,0.0,"['0', '+Y', '-X', '-X', '+Y', '-X', '+Y', '+Y', '+Y']"
830,-1.0,"['0', '+Y', '-X', '-X', '-X', '-Y', '-X', '+Y', '-X']"
831,-1.0,"['0', '-X', '+Y', '+X', '+X', '-Y', '-Y', '+X', '+Y']"
832,-1.0,"['0', '+X', '+X', '+X', '+X', '+X', '-Y', '-X', '+Y']"
833,-2.0,"['0', '-X', '-Y', '+X', '+X', '-Y', '-X', '-Y', '-X']"
834,-1.0,"['0', '-Y', '-Y', '+X', '-Y', '-X', '-Y', '+X', '+X']"
835,0.0,"['0', '-X', '-X', '+Y', '+Y', '-X', '-X', '-X', '-Y']"
836,0.0,"['0', '+X', '+Y', '+X', '-Y', '+X', '+X', '+Y', '+Y']"
837,0.0,"['0', '-X', '+Y', '+Y', '-X', '-X', '-X', '+Y', '+X']"
838,-1.0,"['0', '+Y', '+X', '+Y', '+X', '+Y', '-X', '+Y', '+Y']"
839,0.0,"['0', '-Y', '+X', '-Y', '+X', '+Y', '+X', '+X', '+X']"
840,0.0,"['0', '+Y', '+Y', '+X', '+Y', '+Y', '+Y', '+X', '-Y']"
841,0.0,"['0', '+X', '-Y', '+X', '+X', '+X', '+X', '+X', '+Y']"
842,-1.0,"['0', '+Y', '+X', '+Y', '+Y', '+X', '-Y', '+X', '-Y']"
843,0.0,"['0', '-X', '+Y', '+Y', '-X', '+Y', '+Y', '-X', '+Y']"
844,-1.0,"['0', '-Y', '+X', '+Y', '+X', '+X', '-Y', '+X', '+X']"
845,-1.0,"['0', '-X', '-Y', '+X', '-Y', '-X', '-Y', '-X', '-X']"
846,0.0,"['0', '+Y', '+Y', '+Y', '+X', '+Y', '+Y', '+X', '+Y']"
847,-1.0,"['0', '+Y', '-X', '-X', '+Y', '-X', '-Y', '-X', '-X']"
848,-2.0,"['0', '+X', '+Y', '-X', '+Y', '+X', '+X', '-Y', '-X']"
849,-1.0,"['0', '+Y', '+Y', '+X', '+Y', '+X', '+Y', '-X', '+Y']"
850,0.0,"['0', '+Y', '+Y', '-X', '-X', '+Y', '-X', '-X', '-X']"
851,0.0,"['0', '-X', '-Y', '-Y', '+X', '+X', '+X', '-Y', '-X']"
852,-1.0,"['0', '-X', '-Y', '-Y', '+X', '+Y', '+X', '+Y', '+Y']"
853,-1.0,"['0', '-X', '+Y', '+X', '+Y', '+Y', '+X', '+Y', '-X']"
854,0.0,"['0', '-Y', '-Y', '+X', '+X', '+X', '+Y', '+Y', '+X']"
855,0.0,"['0', '+X', '+X', '+Y', '-X', '-X', '-X', '-X', '-X']"
856,-1.0,"['0', '-Y', '+X', '+Y', '+X', '+X', '+X', '+Y', '-X']"
857,-1.0,"['0', '-X', '+Y', '-X', '-Y', '-X', '+Y', '+Y', '+X']"
858,0.0,"['0', '+X', '+Y', '+Y', '-X', '+Y', '+Y', '+X', '+Y']"
859,0.0,"['0', '+Y', '+X', '+Y', '+Y', '+X', '+X', '+Y', '+Y']"
860,-1.0,"['0', '-X', '-X', '-X', '-Y', '-X', '+Y', '-X', '-Y']"
861,-2.0,"['0', '-X', '+Y', '+X', '+X', '+Y', '-X', '+Y', '-X']"
862,0.0,"['0', '+X', '+X', '+Y', '+X', '+X', '-Y', '-Y', '+X']"
863,0.0,"['0', '+X', '-Y', '-Y', '+X', '+X', '+X', '-Y', '-X']"
864,0.0,"['0', '-X', '-Y', '-X', '-X', '-X', '+Y', '+Y', '-X']"
865,0.0,"['0', '+X', '+Y', '+Y', '+Y', '+Y', '-X', '+Y', '+Y']"
866,-2.0,"['0', '-X', '-Y', '+X', '+X', '+X', '-Y', '-X', '-X']"
867,-1.0,"['0', '+Y', '+Y', '+X', '+X', '+X', '-Y', '-X', '+Y']"
868,-1.0,"['0', '+Y', '+X', '+Y', '+Y', '-X', '+Y', '+X', '-Y']"
869,0.0,"['0', '-Y', '-X', '-X', '-Y', '+X', '+X', '+X', '+X']"
870,0.0,"['0', '+Y', '+Y', '+X', '+Y', '+Y', '-X', '+Y', '+Y']"
871,0.0,"['0', '-X', '-X', '+Y', '+Y', '+X', '+X', '+Y', '-X']"
872,-2.0,"['0', '+X', '+X', '+Y', '-X', '+Y', '-X', '-Y', '-Y']"
873,0.0,"['0', '+Y', '-X', '-X', '+Y', '-X', '-X', '-X', '-Y']"
874,-1.0,"['0', '+Y', '+Y', '+Y', '+X', '+Y', '-X', '-X', '-X']"
875,0.0,"['0', '-X', '-X', '-Y', '+X', '-Y', '-Y', '-Y', '-Y']"
876,0.0,"['0', '+Y', '+X', '+X', '+Y', '-X', '-X', '-X', '-X']"
877,0.0,"['0', '-Y', '-X', '-Y', '-X', '-Y', '-Y', '-Y', '+X']"
878,-2.0,"['0', '-Y', '-Y', '+X', '+X', '+Y', '-X', '+Y', '+X']"
879,0.0,"['0', '+Y', '+X', '+Y', '+Y', '+X', '+X', '+Y', '+X']"
880,-2.0,"['0', '-X', '+Y', '+X', '+Y', '+Y', '+X', '-Y', '-Y']"
881,0.0,"['0', '+Y', '+X', '+Y', '+Y', '-X', '-X', '-Y', '+X']"
882,0.0,"['0', '-X', '-Y', '-X', '+Y', '-X', '-X', '-X', '+Y']"
883,-1.0,"['0', '-Y', '-X', '+Y', '+Y', '+Y', '+Y', '-X', '+Y']"
884,-1.0,"['0', '-X', '-Y', '-X', '+Y', '-X', '-Y', '-Y', '-Y']"
885,-1.0,"['0', '-Y', '+X', '+Y', '+X', '-Y', '-Y', '-Y', '+X']"
886,0.0,"['0', '-Y', '-X', '-X', '-X', '+Y', '-X', '-X', '+Y']"
887,0.0,"['0', '-Y', '-Y', '+X', '+X', '+X', '+X', '+X', '+Y']"
888,0.0,"['0', '-X', '-X', '-X', '-X', '-Y', '-Y', '+X', '+Y']"
889,0.0,"['0', '-Y', '-Y', '+X', '+X', '+Y', '+X', '+X', '+X']"
890,-1.0,"['0', '+X', '-Y', '-X', '-X', '+Y', '-X', '-X', '-X']"
891,0.0,"['0', '+Y', '+Y', '+Y', '+X', '+X', '+X', '+Y', '+Y']"
892,0.0,"['0', '-Y', '-Y', '+X', '-Y', '-Y', '-Y', '-X', '-Y']"
893,-1.0,"['0', '+X', '-Y', '-Y', '-X', '-X', '-Y', '+X', '+X']"
894,0.0,"['0', '-Y', '+X', '+X', '+Y', '+Y', '+Y', '+Y', '+Y']"
895,-1.0,"['0', '-X', '-X', '-Y', '-X', '-Y', '+X', '+X', '+Y']"
896,-1.0,"['0', '+X', '-Y', '-X', '-X', '-X', '-Y', '-X', '-X']"
897,-3.0,"['0', '+Y', '+X', '+X', '+X', '-Y', '-X', '-X', '-X']"
898,-1.0,"['0', '+X', '+X', '+Y', '+Y', '+Y', '-X', '-Y', '-Y']"
899,-1.0,"['0', '-Y', '-X', '+Y', '+Y', '+Y', '+X', '+X', '+Y']"
900,-1.0,"['0', '+Y', '+X', '-Y', '-Y', '-X', '-X', '-Y', '-Y']"
901,-1.0,"['0', '-Y', '-X', '-X', '-X', '+Y', '-X', '-Y', '+X']"
902,-1.0,"['0', '+X', '-Y', '+X', '+X', '+Y', '-X', '+Y', '+Y']"
903,0.0,"['0', '+X', '+Y', '+Y', '+Y', '+X', '+Y', '+X', '+X']"
904,-1.0,"['0', '+X', '+Y', '+Y', '-X', '-X', '+Y', '+X', '-Y']"
905,0.0,"['0', '-X', '+Y', '+Y', '+Y', '+Y', '+Y', '+X', '-Y']"
906,0.0,"['0', '-X', '-Y', '-X', '+Y', '+Y', '+X', '+Y', '+Y']"
907,0.0,"['0', '-Y', '+X', '+X', '+X', '-Y', '-Y', '+X', '+Y']"
908,-2.0,"['0', '-Y', '+X', '-Y', '+X', '+X', '+Y', '-X', '-Y']"
909,0.0,"['0', '-X', '-Y', '-X', '-Y', '-X', '-Y', '-X', '-Y']"
910,0.0,"['0', '-Y', '-Y', '+X', '-Y', '-Y', '+X', '-Y', '-X']"
911,-2.0,"['0', '+Y', '+Y', '+X', '+X', '-Y', '-X', '-Y', '-Y']"
912,0.0,"['0', '+Y', '-X', '+Y', '+X', '+Y', '+X', '+Y', '+X']"
913,-2.0,"['0', '+Y', '+Y', '+Y', '+Y', '+X', '-Y', '-Y', '-X']"
914,-2.0,"['0', '-X', '+Y', '+X', '+X', '+X', '+Y', '-X', '-Y']"
915,-1.0,"['0', '+Y', '+X', '-Y', '+X', '+X', '+X', '+Y', '+Y']"
916,0.0,"['0', '-Y', '+X', '+X', '+X', '+X', '+Y', '+Y', '+Y']"
917,-1.0,"['0', '-Y', '-X', '+Y', '+Y', '+Y', '+X', '+Y', '+Y']"
918,-2.0,"['0', '-X', '+Y', '+X', '+X', '-Y', '-Y', '-X', '+Y']"
919,-2.0,"['0', '-X', '-Y', '+X', '-Y', '-Y', '+X', '+Y', '+X']"
920,0.0,"['0', '+Y', '+Y', '+Y', '+X', '+Y', '+X', '+X', '+Y']"
921,-1.0,"['0', '+Y', '+X', '-Y', '+X', '+X', '+Y', '+X', '-Y']"
922,0.0,"['0', '-X', '-Y', '-X', '-Y', '-Y', '-Y', '+X', '+X']"
923,-1.0,"['0', '+Y', '+X', '+Y', '+X', '+X', '+Y', '-X', '-X']"
924,0.0,"['0', '-Y', '-X', '-X', '-Y', '-X', '-X', '-Y', '-X']"
925,0.0,"['0', '+Y', '+Y', '+X', '+Y', '-X', '-X', '-X', '-Y']"
926,-1.0,"['0', '+X', '-Y', '-X', '-Y', '-Y', '+X', '+X', '+Y']"
927,0.0,"['0', '-X', '-X', '-X', '-Y', '-Y', '-Y', '+X', '+X']"
928,-2.0,"['0', '-X', '+Y', '-X', '+Y', '+Y', '+X', '-Y', '-Y']"
929,0.0,"['0', '+Y', '+X', '+Y', '+X', '+X', '+X', '+Y', '+Y']"
930,-1.0,"['0', '-Y', '-X', '-X', '+Y', '-X', '+Y', '+X', '+Y']"
931,0.0,"['0', '-Y', '+X', '+X', '+X', '+X', '+X', '-Y', '-Y']"
932,-1.0,"['0', '+Y', '+X', '-Y', '-Y', '+X', '-Y', '+X', '+X']"
933,-1.0,"['0', '-Y', '-Y', '+X', '+Y', '+X', '-Y', '-Y', '-Y']"
934,0.0,"['0', '+Y', '+Y', '+X', '+Y', '+Y', '-X', '-X', '+Y']"
935,0.0,"['0', '-Y', '-Y', '+X', '-Y', '-X', '-Y', '-X', '+Y']"
936,0.0,"['0', '-Y', '+X', '+X', '+Y', '+X', '+X', '+X', '+Y']"
937,0.0,"['0', '+Y', '+Y', '-X', '-Y', '-X', '-Y', '-Y', '-Y']"
938,-1.0,"['0', '-Y', '-X', '+Y', '-X', '-X', '-X', '+Y', '-X']"
939,-1.0,"['0', '-Y', '-Y', '+X', '+Y', '+X', '-Y', '+X', '-Y']"
940,0.0,"['0', '+X', '+X', '+X', '+X', '-Y', '-Y', '+X', '+X']"
941,0.0,"['0', '-X', '+Y', '-X', '-Y', '-X', '-Y', '-X', '-Y']"
942,0.0,"['0', '+Y', '-X', '-X', '+Y', '+X', '+X', '+Y', '+X']"
943,-1.0,"['0', '-Y', '-X', '+Y', '+Y', '+X', '+X', '+Y', '-X']"
944,0.0,"['0', '-X', '-X', '-X', '-Y', '-X', '-Y', '-Y', '-Y']"
945,0.0,"['0', '-Y', '+X', '-Y', '-Y', '-Y', '+X', '+X', '+X']"
946,-1.0,"['0', '-Y', '-Y', '+X', '+X', '-Y', '+X', '+Y', '-X']"
947,0.0,"['0', '+X', '+Y', '+X', '+Y', '+X', '+X', '+X', '-Y']"
948,0.0,"['0', '+X', '+X', '+Y', '+X', '+Y', '+Y', '-X', '-Y']"
949,0.0,"['0', '+Y', '+X', '+X', '+X', '+Y', '+Y', '-X', '-X']"
950,0.0,"['0', '+X', '+Y', '+X', '+Y', '+Y', '+Y', '+Y', '+Y']"
951,0.0,"['0', '+X', '+X', '-Y', '-X', '-X', '-Y', '-X', '-Y']"
952,0.0,"['0', '-X', '-X', '-Y', '-X', '+Y', '+Y', '-X', '+Y']"
953,0.0,"['0', '-X', '-X', '+Y', '-X', '-X', '-X', '-X', '+Y']"
954,0.0,"['0', '-X', '-X', '+Y', '+Y', '+Y', '-X', '-X', '+Y']"
955,-2.0,"['0', '+X', '+Y', '-X', '-X', '-Y', '-X', '+Y', '+X']"
956,0.0,"['0', '-X', '-X', '-Y', '-X', '-Y', '-X', '-X', '+Y']"
957,0.0,"['0', '+Y', '+Y', '+X', '-Y', '+X', '+X', '-Y', '-X']"
958,0.0,"['0', '+X', '-Y', '-Y', '-Y', '-Y', '-Y', '+X', '+Y']"
959,-2.0,"['0', '+Y', '-X', '-Y', '-Y', '-X', '-Y', '+X', '+Y']"
960,0.0,"['0', '-X', '-X', '+Y', '+Y', '-X', '+Y', '+Y', '+X']"
961,0.0,"['0', '+X', '+X', '+X', '+X', '+X', '+X', '+X', '+Y']"
962,0.0,"['0', '-Y', '-Y', '-X', '-X', '+Y', '+Y', '-X', '-X']"
963,-1.0,"['0', '+Y', '-X', '-Y', '-X', '-X', '+Y', '+Y', '+X']"
964,0.0,"['0', '-Y', '-X', '-X', '+Y', '-X', '-X', '-Y', '+X']"
965,0.0,"['0', '+X', '-Y', '+X', '+X', '+Y', '+X', '+Y', '-X']"
966,-1.0,"['0', '-X', '-Y', '+X', '-Y', '-X', '-X', '-X', '+Y']"
967,0.0,"['0', '-Y', '+X', '+X', '-Y', '-Y', '-Y', '-X', '+Y']"
968,0.0,"['0', '+Y', '-X', '+Y', '+X', '+Y', '+Y', '+X', '-Y']"
969,-2.0,"['0', '-Y', '-Y', '-X', '-Y', '-Y', '+X', '+Y', '+X']"
970,0.0,"['0', '+Y', '-X', '+Y', '+Y', '-X', '-X', '-Y', '+X']"
971,0.0,"['0', '+X', '+X', '-Y', '-Y', '-X', '-X', '-X', '-Y']"
972,-2.0,"['0', '+X', '+X', '+Y', '+X', '+X', '-Y', '-X', '+Y']"
973,-1.0,"['0', '+Y', '+Y', '-X', '-Y', '-X', '+Y', '-X', '-Y']"
974,0.0,"['0', '+Y', '-X', '+Y', '+Y', '-X', '+Y', '+Y', '+Y']"
975,-1.0,"['0', '-Y', '+X', '+Y', '+Y', '-X', '+Y', '+Y', '+X']"
976,0.0,"['0', '+X', '-Y', '+X', '+Y', '+Y', '+Y', '+X', '-Y']"
977,0.0,"['0', '-X', '-X', '-Y', '-X', '-X', '+Y', '+Y', '+Y']"
978,0.0,"['0', '+Y', '+X', '+X', '+Y', '-X', '-X', '-X', '-X']"
979,0.0,"['0', '-Y', '+X', '-Y', '-X', '-X', '+Y', '-X', '-X']"
980,-1.0,"['0', '-X', '+Y', '+X', '+X', '+X', '+X', '+Y', '+X']"
981,0.0,"['0', '+Y', '-X', '+Y', '-X', '-X', '-X', '-X', '-Y']"
982,0.0,"['0', '+Y', '+Y', '-X', '-X', '-X', '-Y', '-X', '-X']"
983,-2.0,"['0', '+Y', '+X', '-Y', '-Y', '+X', '+Y', '+X', '-Y']"
984,0.0,"['0', '-X', '+Y', '+Y', '+Y', '+Y', '+Y', '+X', '+Y']"
985,-1.0,"['0', '+Y', '-X', '-Y', '-X', '-X', '-X', '-X', '-X']"
986,0.0,"['0', '+X', '+X', '-Y', '-Y', '+X', '-Y', '+X', '+X']"
987,0.0,"['0', '+X', '+X', '-Y', '+X', '+Y', '+Y', '+X', '-Y']"
988,0.0,"['0', '+Y', '-X', '+Y', '-X', '-X', '-X', '-X', '-X']"
989,-1.0,"['0', '-Y', '+X', '+X', '-Y', '+X', '+Y', '+X', '+X']"
990,-1.0,"['0', '+Y', '-X', '-X', '+Y', '+Y', '-X', '-Y', '-X']"
991,-1.0,"['0', '-Y', '+X', '+Y', '+X', '+Y', '+Y', '-X', '-Y']"
992,0.0,"['0', '+Y', '+Y', '-X', '-Y', '-X', '-Y', '-X', '+Y']"
993,0.0,"['0', '-Y', '-Y', '-X', '-X', '-X', '+Y', '-X', '+Y']"
994,-2.0,"['0', '+X', '+Y', '-X', '-X', '-Y', '-Y', '+X', '+Y']"
995,-1.0,"['0', '+Y', '-X', '-X', '-X', '-X', '-Y', '+X', '+Y']"
996,0.0,"['0', '+X', '+Y', '+Y', '+X', '+X', '-Y', '+X', '+Y']"
997,-2.0,"['0', '+X', '+Y', '-X', '-X', '-Y', '-Y', '+X', '+X']"
998,-1.0,"['0', '+X', '+X', '-Y', '-Y', '-Y', '+X', '+Y', '+Y']"
999,0.0,"['0', '-X', '-Y', '-Y', '-X', '-Y', '-Y', '-X', '-X']"
1000,0.0,"['0', '-X', '+Y', '-X', '-X', '-Y', '-X', '-X', '-Y']"
